Year,TeamName,PlayerName,Price
2025,Chennai Super Kings,Noor Ahmad,100000000
2025,Chennai Super Kings,Ravichandaran Ashwin,97500000
2025,Chennai Super Kings,Devon Conway,62500000
2025,Chennai Super Kings,Syed Khaleel Ahmed,48000000
2025,Chennai Super Kings,Rachin Ravindra,40000000
2025,Chennai Super Kings,Anshul Kamboj,34000000
2025,Chennai Super Kings,Rahul Tripathi,34000000
2025,Chennai Super Kings,Sam Curran,24000000
2025,Chennai Super Kings,Gurjapneet Singh,22000000
2025,Chennai Super Kings,Nathan Ellis,20000000
2025,Chennai Super Kings,Deepak Hooda,17000000
2025,Chennai Super Kings,Jamie Overton,15000000
2025,Chennai Super Kings,Vijay Shankar,12000000
2025,Chennai Super Kings,Vansh Bedi,5500000
2025,Chennai Super Kings,Andre Siddarth,3000000
2025,Chennai Super Kings,Shreyas Gopal,3000000
2025,Chennai Super Kings,Ramakrishna Ghosh,3000000
2025,Chennai Super Kings,Kamlesh Nagarkoti,3000000
2025,Chennai Super Kings,Mukesh Choudhary,3000000
2025,Chennai Super Kings,Shaik Rasheed,3000000
2025,Delhi Capitals,KL Rahul,140000000
2025,Delhi Capitals,Mitchell Starc,117500000
2025,Delhi Capitals,T. Natarajan,107500000
2025,Delhi Capitals,Jake Fraser-Mcgurk,90000000
2025,Delhi Capitals,Mukesh Kumar,80000000
2025,Delhi Capitals,Harry Brook,62500000
2025,Delhi Capitals,Ashutosh Sharma,38000000
2025,Delhi Capitals,Mohit Sharma,22000000
2025,Delhi Capitals,Faf Du Plessis,20000000
2025,Delhi Capitals,Sameer Rizvi,9500000
2025,Delhi Capitals,Donovan Ferreira,7500000
2025,Delhi Capitals,Dushmantha Chameera,7500000
2025,Delhi Capitals,Vipraj Nigam,5000000
2025,Delhi Capitals,Karun Nair,5000000
2025,Delhi Capitals,Madhav Tiwari,4000000
2025,Delhi Capitals,Tripurana Vijay,3000000
2025,Delhi Capitals,Manvanth Kumar L,3000000
2025,Delhi Capitals,Ajay Mandal,3000000
2025,Delhi Capitals,Darshan Nalkande,3000000
2025,Gujarat Titans,Jos  Buttler,157500000
2025,Gujarat Titans,Mohammad Siraj,122500000
2025,Gujarat Titans,Kagiso Rabada,107500000
2025,Gujarat Titans,Prasidh Krishna,95000000
2025,Gujarat Titans,Washington Sundar,32000000
2025,Gujarat Titans,Sherfane Rutherford,26000000
2025,Gujarat Titans,Gerald Coetzee,24000000
2025,Gujarat Titans,Glenn Phillips,20000000
2025,Gujarat Titans,R. Sai Kishore,20000000
2025,Gujarat Titans,Mahipal Lomror,17000000
2025,Gujarat Titans,Gurnoor Singh Brar,13000000
2025,Gujarat Titans,Mohd. Arshad Khan,13000000
2025,Gujarat Titans,Karim Janat,7500000
2025,Gujarat Titans,Jayant Yadav,7500000
2025,Gujarat Titans,Ishant Sharma,7500000
2025,Gujarat Titans,Kumar Kushagra,6500000
2025,Gujarat Titans,Kulwant Khejroliya,3000000
2025,Gujarat Titans,Manav Suthar,3000000
2025,Gujarat Titans,Anuj Rawat,3000000
2025,Gujarat Titans,Nishant Sindhu,3000000
2025,Kolkata Knight Riders,Venkatesh Iyer,237500000
2025,Kolkata Knight Riders,Anrich Nortje,65000000
2025,Kolkata Knight Riders,Quinton De Kock,36000000
2025,Kolkata Knight Riders,Angkrish Raghuvanshi,30000000
2025,Kolkata Knight Riders,Spencer Johnson,28000000
2025,Kolkata Knight Riders,Moeen Ali,20000000
2025,Kolkata Knight Riders,Rahmanullah Gurbaz,20000000
2025,Kolkata Knight Riders,Vaibhav Arora,18000000
2025,Kolkata Knight Riders,Ajinkya Rahane,15000000
2025,Kolkata Knight Riders,Rovman Powell,15000000
2025,Kolkata Knight Riders,Umran  Malik,7500000
2025,Kolkata Knight Riders,Manish Pandey,7500000
2025,Kolkata Knight Riders,Anukul Roy,4000000
2025,Kolkata Knight Riders,Luvnith Sisodia,3000000
2025,Kolkata Knight Riders,Mayank Markande,3000000
2025,Lucknow Super Giants,Rishabh Pant,270000000
2025,Lucknow Super Giants,Avesh Khan,97500000
2025,Lucknow Super Giants,Akash Deep,80000000
2025,Lucknow Super Giants,David Miller,75000000
2025,Lucknow Super Giants,Abdul Samad,42000000
2025,Lucknow Super Giants,Mitchell Marsh,34000000
2025,Lucknow Super Giants,Shahbaz Ahamad,24000000
2025,Lucknow Super Giants,Aiden Markram,20000000
2025,Lucknow Super Giants,Matthew Breetzke,7500000
2025,Lucknow Super Giants,Shamar Joseph,7500000
2025,Lucknow Super Giants,M. Siddharth,7500000
2025,Lucknow Super Giants,Arshin Kulkarni,3000000
2025,Lucknow Super Giants,Rajvardhan Hangargekar,3000000
2025,Lucknow Super Giants,Yuvraj Chaudhary,3000000
2025,Lucknow Super Giants,Prince Yadav,3000000
2025,Lucknow Super Giants,Akash Singh,3000000
2025,Lucknow Super Giants,Digvesh Singh,3000000
2025,Lucknow Super Giants,Himmat Singh,3000000
2025,Lucknow Super Giants,Aryan Juyal,3000000
2025,Mumbai Indians,Trent Boult,125000000
2025,Mumbai Indians,Deepak Chahar,92500000
2025,Mumbai Indians,Will Jacks,52500000
2025,Mumbai Indians,Naman Dhir,52500000
2025,Mumbai Indians,Allah  Ghazanfar,48000000
2025,Mumbai Indians,Mitchell Santner,20000000
2025,Mumbai Indians,Ryan Rickelton,10000000
2025,Mumbai Indians,Lizaad Williams,7500000
2025,Mumbai Indians,Reece Topley,7500000
2025,Mumbai Indians,Robin Minz,6500000
2025,Mumbai Indians,Karn Sharma,5000000
2025,Mumbai Indians,Vignesh Puthur,3000000
2025,Mumbai Indians,Arjun  Tendulkar,3000000
2025,Mumbai Indians,Bevan John Jacobs,3000000
2025,Mumbai Indians,Venkata Satyanarayana Penmetsa,3000000
2025,Mumbai Indians,Raj Angad Bawa,3000000
2025,Mumbai Indians,Shrijith Krishnan,3000000
2025,Mumbai Indians,Ashwani Kumar,3000000
2025,Punjab Kings,Shreyas Iyer,267500000
2025,Punjab Kings,Yuzvendra Chahal,180000000
2025,Punjab Kings,Arshdeep Singh,180000000
2025,Punjab Kings,Marcus Stoinis,110000000
2025,Punjab Kings,Marco Jansen,70000000
2025,Punjab Kings,Nehal Wadhera,42000000
2025,Punjab Kings,Glenn Maxwell,42000000
2025,Punjab Kings,Priyansh Arya,38000000
2025,Punjab Kings,Josh Inglis,26000000
2025,Punjab Kings,Azmatullah Omarzai,24000000
2025,Punjab Kings,Lockie Ferguson,20000000
2025,Punjab Kings,Vyshak Vijaykumar,18000000
2025,Punjab Kings,Yash Thakur,16000000
2025,Punjab Kings,Harpreet  Brar,15000000
2025,Punjab Kings,Aaron Hardie,12500000
2025,Punjab Kings,Vishnu Vinod,9500000
2025,Punjab Kings,Xavier Bartlett,8000000
2025,Punjab Kings,Kuldeep  Sen,8000000
2025,Punjab Kings,Pravin Dubey,3000000
2025,Punjab Kings,Pyla Avinash,3000000
2025,Punjab Kings,Suryansh  Shedge,3000000
2025,Punjab Kings,Musheer Khan,3000000
2025,Punjab Kings,Harnoor Pannu,3000000
2025,Rajasthan Royals,Jofra Archer,125000000
2025,Rajasthan Royals,Tushar Deshpande,65000000
2025,Rajasthan Royals,Wanindu Hasaranga,52500000
2025,Rajasthan Royals,Maheesh Theekshana,44000000
2025,Rajasthan Royals,Nitish Rana,42000000
2025,Rajasthan Royals,Fazalhaq Farooqi,20000000
2025,Rajasthan Royals,Kwena Maphaka,15000000
2025,Rajasthan Royals,Akash Madhwal,12000000
2025,Rajasthan Royals,Vaibhav Suryavanshi,11000000
2025,Rajasthan Royals,Shubham Dubey,8000000
2025,Rajasthan Royals,Yudhvir Charak,3500000
2025,Rajasthan Royals,Ashok Sharma,3000000
2025,Rajasthan Royals,Kunal Rathore,3000000
2025,Rajasthan Royals,Kumar Kartikeya Singh,3000000
2025,Royal Challengers Bengaluru,Josh Hazlewood,125000000
2025,Royal Challengers Bengaluru,Phil Salt,115000000
2025,Royal Challengers Bengaluru,Jitesh Sharma,110000000
2025,Royal Challengers Bengaluru,Bhuvneshwar Kumar,107500000
2025,Royal Challengers Bengaluru,Liam Livingstone,87500000
2025,Royal Challengers Bengaluru,Rasikh Dar,60000000
2025,Royal Challengers Bengaluru,Krunal Pandya,57500000
2025,Royal Challengers Bengaluru,Tim David,30000000
2025,Royal Challengers Bengaluru,Jacob Bethell,26000000
2025,Royal Challengers Bengaluru,Suyash Sharma,26000000
2025,Royal Challengers Bengaluru,Devdutt Padikkal,20000000
2025,Royal Challengers Bengaluru,Nuwan Thushara,16000000
2025,Royal Challengers Bengaluru,Romario Shepherd,15000000
2025,Royal Challengers Bengaluru,Lungisani Ngidi,10000000
2025,Royal Challengers Bengaluru,Swapnil Singh,5000000
2025,Royal Challengers Bengaluru,Mohit Rathee,3000000
2025,Royal Challengers Bengaluru,Abhinandan Singh,3000000
2025,Royal Challengers Bengaluru,Swastik Chhikara,3000000
2025,Royal Challengers Bengaluru,Manoj Bhandage,3000000
2025,Sunrisers Hyderabad,Ishan Kishan,112500000
2025,Sunrisers Hyderabad,Mohammad Shami,100000000
2025,Sunrisers Hyderabad,Harshal Patel,80000000
2025,Sunrisers Hyderabad,Abhinav Manohar,32000000
2025,Sunrisers Hyderabad,Rahul Chahar,32000000
2025,Sunrisers Hyderabad,Adam Zampa,24000000
2025,Sunrisers Hyderabad,Simarjeet Singh,15000000
2025,Sunrisers Hyderabad,Eshan Malinga,12000000
2025,Sunrisers Hyderabad,Brydon Carse,10000000
2025,Sunrisers Hyderabad,Jaydev Unadkat,10000000
2025,Sunrisers Hyderabad,Kamindu Mendis,7500000
2025,Sunrisers Hyderabad,Zeeshan Ansari,4000000
2025,Sunrisers Hyderabad,Sachin Baby,3000000
2025,Sunrisers Hyderabad,Aniket Verma,3000000
2025,Sunrisers Hyderabad,Atharva Taide,3000000
2024,Chennai Super Kings,Daryl Mitchell,140000000
2024,Chennai Super Kings,Sameer Rizvi,84000000
2024,Chennai Super Kings,Shardul Thakur,40000000
2024,Chennai Super Kings,Mustafizur Rahman,20000000
2024,Chennai Super Kings,Rachin Ravindra,18000000
2024,Chennai Super Kings,Avanish Rao Aravelly,2000000
2024,Delhi Capitals,Kumar Kushagra,72000000
2024,Delhi Capitals,Jhye Richardson,50000000
2024,Delhi Capitals,Harry Brook,40000000
2024,Delhi Capitals,Sumit Kumar,10000000
2024,Delhi Capitals,Shai Hope,7500000
2024,Delhi Capitals,Tristan Stubbs,5000000
2024,Delhi Capitals,Ricky Bhui,2000000
2024,Delhi Capitals,Swastik Chhikara,2000000
2024,Delhi Capitals,Rasikh Dar,2000000
2024,Gujarat Titans,Spencer Johnson,100000000
2024,Gujarat Titans,Shahrukh Khan,74000000
2024,Gujarat Titans,Umesh Yadav,58000000
2024,Gujarat Titans,Robin Minz,36000000
2024,Gujarat Titans,Sushant Mishra,22000000
2024,Gujarat Titans,Kartik Tyagi,6000000
2024,Gujarat Titans,Azmatullah Omarzai,5000000
2024,Gujarat Titans,Manav Suthar,2000000
2024,Kolkata Knight Riders,Mitchell  Starc,247500000
2024,Kolkata Knight Riders,Mujeeb Rahman,20000000
2024,Kolkata Knight Riders,Sherfane Rutherford,15000000
2024,Kolkata Knight Riders,Gus Atkinson,10000000
2024,Kolkata Knight Riders,Manish Pandey,5000000
2024,Kolkata Knight Riders,K.S. Bharat,5000000
2024,Kolkata Knight Riders,Chetan Sakariya,5000000
2024,Kolkata Knight Riders,Angkrish Raghuvanshi,2000000
2024,Kolkata Knight Riders,Ramandeep  Singh,2000000
2024,Kolkata Knight Riders,Sakib Hussain,2000000
2024,Lucknow Super Giants,Shivam  Mavi,64000000
2024,Lucknow Super Giants,M. Siddharth,24000000
2024,Lucknow Super Giants,David Willey,20000000
2024,Lucknow Super Giants,Ashton Turner,10000000
2024,Lucknow Super Giants,Arshin Kulkarni,2000000
2024,Lucknow Super Giants,Mohd. Arshad Khan,2000000
2024,Mumbai Indians,Gerald Coetzee,50000000
2024,Mumbai Indians,Nuwan Thushara,48000000
2024,Mumbai Indians,Dilshan Madushanka,46000000
2024,Mumbai Indians,Mohammad Nabi,15000000
2024,Mumbai Indians,Shreyas Gopal,2000000
2024,Mumbai Indians,Shivalik Sharma,2000000
2024,Mumbai Indians,Anshul Kamboj,2000000
2024,Mumbai Indians,Naman Dhir,2000000
2024,Punjab Kings,Harshal Patel,117500000
2024,Punjab Kings,Rilee Rossouw,80000000
2024,Punjab Kings,Chris Woakes,42000000
2024,Punjab Kings,Tanay Thyagarajann,2000000
2024,Punjab Kings,Vishwanath Pratap Singh,2000000
2024,Punjab Kings,Ashutosh Sharma,2000000
2024,Punjab Kings,Shashank  Singh,2000000
2024,Punjab Kings,Prince Choudhary,2000000
2024,Rajasthan Royals,Rovman Powell,74000000
2024,Rajasthan Royals,Shubham Dubey,58000000
2024,Rajasthan Royals,Nandre Burger,5000000
2024,Rajasthan Royals,Tom Kohler-Cadmore,4000000
2024,Rajasthan Royals,Abid Mushtaq,2000000
2024,Royal Challengers Bengaluru,Alzarri Joseph,115000000
2024,Royal Challengers Bengaluru,Yash  Dayal,50000000
2024,Royal Challengers Bengaluru,Lockie Ferguson,20000000
2024,Royal Challengers Bengaluru,Tom Curran,15000000
2024,Royal Challengers Bengaluru,Saurav Chuahan,2000000
2024,Royal Challengers Bengaluru,Swapnil Singh,2000000
2024,Sunrisers Hyderabad,Pat Cummins,205000000
2024,Sunrisers Hyderabad,Travis Head,68000000
2024,Sunrisers Hyderabad,Jaydev Unadkat,16000000
2024,Sunrisers Hyderabad,Wanindu Hasaranga,15000000
2024,Sunrisers Hyderabad,Jhathavedh Subramanyan,2000000
2024,Sunrisers Hyderabad,Akash Singh,2000000
2023,Chennai Super Kings,Ben Stokes,162500000
2023,Chennai Super Kings,Kyle Jamieson,10000000
2023,Chennai Super Kings,Nishant Sindhu,6000000
2023,Chennai Super Kings,Ajinkya Rahane,5000000
2023,Chennai Super Kings,Bhagath Varma,2000000
2023,Chennai Super Kings,Ajay Mandal,2000000
2023,Chennai Super Kings,Shaik Rasheed,2000000
2023,Delhi Capitals,Mukesh Kumar,55000000
2023,Delhi Capitals,Rilee Rossouw,46000000
2023,Delhi Capitals,Manish Pandey,24000000
2023,Delhi Capitals,Phil Salt,20000000
2023,Delhi Capitals,Ishant Sharma,5000000
2023,Gujarat Titans,Shivam Mavi,60000000
2023,Gujarat Titans,Joshua Little,44000000
2023,Gujarat Titans,Kane Williamson,20000000
2023,Gujarat Titans,K.S. Bharat,12000000
2023,Gujarat Titans,Mohit Sharma,5000000
2023,Gujarat Titans,Odean Smith,5000000
2023,Gujarat Titans,Urvil Patel,2000000
2023,Kolkata Knight Riders,Shakib Al Hasan,15000000
2023,Kolkata Knight Riders,David Wiese,10000000
2023,Kolkata Knight Riders,N. Jagadeesan,9000000
2023,Kolkata Knight Riders,Vaibhav Arora,6000000
2023,Kolkata Knight Riders,Mandeep Singh,5000000
2023,Kolkata Knight Riders,Litton Das,5000000
2023,Kolkata Knight Riders,Kulwant Khejroliya,2000000
2023,Kolkata Knight Riders,Suyash Sharma,2000000
2023,Lucknow Super Giants,Nicholas Pooran,160000000
2023,Lucknow Super Giants,Daniel Sams,7500000
2023,Lucknow Super Giants,Amit Mishra,5000000
2023,Lucknow Super Giants,Romario Shepherd,5000000
2023,Lucknow Super Giants,Naveen Ul Haq,5000000
2023,Lucknow Super Giants,Jaydev Unadkat,5000000
2023,Lucknow Super Giants,Yash Thakur,4500000
2023,Lucknow Super Giants,Swapnil Singh,2000000
2023,Lucknow Super Giants,Yudhvir Charak,2000000
2023,Lucknow Super Giants,Prerak Mankad,2000000
2023,Mumbai Indians,Cameron Green,175000000
2023,Mumbai Indians,Jhye Richardson,15000000
2023,Mumbai Indians,Piyush Chawla,5000000
2023,Mumbai Indians,Nehal Wadhera,2000000
2023,Mumbai Indians,Raghav Goyal,2000000
2023,Mumbai Indians,Vishnu Vinod,2000000
2023,Mumbai Indians,Duan Jansen,2000000
2023,Mumbai Indians,Shams Mulani,2000000
2023,Punjab Kings,Sam Curran,185000000
2023,Punjab Kings,Sikandar Raza,5000000
2023,Punjab Kings,Harpreet Bhatia,4000000
2023,Punjab Kings,Shivam Singh,2000000
2023,Punjab Kings,Vidwath Kaverappa,2000000
2023,Punjab Kings,Mohit Rathee,2000000
2023,Rajasthan Royals,Jason Holder,57500000
2023,Rajasthan Royals,Adam Zampa,15000000
2023,Rajasthan Royals,Joe Root,10000000
2023,Rajasthan Royals,Donovan Ferreira,5000000
2023,Rajasthan Royals,K.M. Asif,3000000
2023,Rajasthan Royals,Abdul P A,2000000
2023,Rajasthan Royals,Akash Vashisht,2000000
2023,Rajasthan Royals,Kunal Rathore,2000000
2023,Rajasthan Royals,Murugan Ashwin,2000000
2023,Royal Challengers Bangalore,Will Jacks,32000000
2023,Royal Challengers Bangalore,Reece Topley,19000000
2023,Royal Challengers Bangalore,Rajan Kumar,7000000
2023,Royal Challengers Bangalore,Avinash Singh,6000000
2023,Royal Challengers Bangalore,Sonu Yadav,2000000
2023,Royal Challengers Bangalore,Himanshu Sharma,2000000
2023,Royal Challengers Bangalore,Manoj Bhandage,2000000
2023,Sunrisers Hyderabad,Harry Brook,132500000
2023,Sunrisers Hyderabad,Mayank Agarwal,82500000
2023,Sunrisers Hyderabad,Heinrich Klaasen,52500000
2023,Sunrisers Hyderabad,Vivrant Sharma,26000000
2023,Sunrisers Hyderabad,Adil Rashid,20000000
2023,Sunrisers Hyderabad,Mayank Dagar,18000000
2023,Sunrisers Hyderabad,Akeal Hosein,10000000
2023,Sunrisers Hyderabad,Mayank Markande,5000000
2023,Sunrisers Hyderabad,Upendra Singh Yadav,2500000
2023,Sunrisers Hyderabad,Sanvir Singh,2000000
2023,Sunrisers Hyderabad,Anmolpreet Singh,2000000
2023,Sunrisers Hyderabad,Samarth Vyas,2000000
2023,Sunrisers Hyderabad,Nitish Kumar Reddy,2000000
2022,Chennai Super Kings,Deepak Chahar,140000000
2022,Chennai Super Kings,Ambati Rayudu,67500000
2022,Chennai Super Kings,Dwayne Bravo,44000000
2022,Chennai Super Kings,Shivam Dube,40000000
2022,Chennai Super Kings,Chris Jordan,36000000
2022,Chennai Super Kings,Robin Uthappa,20000000
2022,Chennai Super Kings,Mitchell Santner,19000000
2022,Chennai Super Kings,Adam Milne,19000000
2022,Chennai Super Kings,Rajvardhan Hangargekar,15000000
2022,Chennai Super Kings,Prashant Solanki,12000000
2022,Chennai Super Kings,Devon Conway,10000000
2022,Chennai Super Kings,Maheesh Theekshana,7000000
2022,Chennai Super Kings,Dwaine Pretorius,5000000
2022,Chennai Super Kings,C.Hari Nishaanth,2000000
2022,Chennai Super Kings,N. Jagadeesan,2000000
2022,Chennai Super Kings,K.M. Asif,2000000
2022,Chennai Super Kings,Tushar Deshpande,2000000
2022,Chennai Super Kings,Simarjeet Singh,2000000
2022,Chennai Super Kings,Subhranshu Senapati,2000000
2022,Chennai Super Kings,Mukesh Choudhary,2000000
2022,Chennai Super Kings,K.Bhagath Varma,2000000
2022,Delhi Capitals,Shardul Thakur,107500000
2022,Delhi Capitals,Mitchell Marsh,65000000
2022,Delhi Capitals,David Warner,62500000
2022,Delhi Capitals,Syed Khaleel Ahmed,52500000
2022,Delhi Capitals,Chetan Sakariya,42000000
2022,Delhi Capitals,Rovman Powell,28000000
2022,Delhi Capitals,Mustafizur Rahman,20000000
2022,Delhi Capitals,Kuldeep Yadav,20000000
2022,Delhi Capitals,K.S. Bharat,20000000
2022,Delhi Capitals,Kamlesh Nagarkoti,11000000
2022,Delhi Capitals,Mandeep Singh,11000000
2022,Delhi Capitals,Lalit Yadav,6500000
2022,Delhi Capitals,Lungisani Ngidi,5000000
2022,Delhi Capitals,Yash Dhull,5000000
2022,Delhi Capitals,Tim Seifert,5000000
2022,Delhi Capitals,Pravin Dubey,5000000
2022,Delhi Capitals,Ashwin Hebbar,2000000
2022,Delhi Capitals,Sarfaraz Khan,2000000
2022,Delhi Capitals,Vicky Ostwal,2000000
2022,Delhi Capitals,Ripal Patel,2000000
2022,Gujarat Titans,Lockie Ferguson,100000000
2022,Gujarat Titans,Rahul Tewatia,90000000
2022,Gujarat Titans,Mohammad Shami,62500000
2022,Gujarat Titans,Yash  Dayal,32000000
2022,Gujarat Titans,David Miller,30000000
2022,Gujarat Titans,R. Sai Kishore,30000000
2022,Gujarat Titans,Abhinav Sadarangani,26000000
2022,Gujarat Titans,Matthew Wade,24000000
2022,Gujarat Titans,Alzarri Joseph,24000000
2022,Gujarat Titans,Jason Roy,20000000
2022,Gujarat Titans,Wriddhiman  Saha,19000000
2022,Gujarat Titans,Jayant Yadav,17000000
2022,Gujarat Titans,Vijay Shankar,14000000
2022,Gujarat Titans,Dominic Drakes,11000000
2022,Gujarat Titans,Gurkeerat Singh,5000000
2022,Gujarat Titans,Varun Aaron,5000000
2022,Gujarat Titans,Noor  Ahmad,3000000
2022,Gujarat Titans,Darshan Nalkande,2000000
2022,Gujarat Titans,B. Sai Sudharsan,2000000
2022,Gujarat Titans,Pradeep Sangwan,2000000
2022,Kolkata Knight Riders,Shreyas Iyer,122500000
2022,Kolkata Knight Riders,Nitish Rana,80000000
2022,Kolkata Knight Riders,Pat Cummins,72500000
2022,Kolkata Knight Riders,Shivam  Mavi,72500000
2022,Kolkata Knight Riders,Sam Billings,20000000
2022,Kolkata Knight Riders,Umesh Yadav,20000000
2022,Kolkata Knight Riders,Alex Hales,15000000
2022,Kolkata Knight Riders,Tim Southee,15000000
2022,Kolkata Knight Riders,Mohammad  Nabi,10000000
2022,Kolkata Knight Riders,Ajinkya Rahane,10000000
2022,Kolkata Knight Riders,Sheldon Jackson,6000000
2022,Kolkata Knight Riders,Rinku Singh,5500000
2022,Kolkata Knight Riders,Ashok Sharma,5500000
2022,Kolkata Knight Riders,Chamika Karunaratne,5000000
2022,Kolkata Knight Riders,Abhijeet Tomar,4000000
2022,Kolkata Knight Riders,Anukul Roy,2000000
2022,Kolkata Knight Riders,Rasikh Dar,2000000
2022,Kolkata Knight Riders,Baba Indrajith,2000000
2022,Kolkata Knight Riders,Aman Khan,2000000
2022,Kolkata Knight Riders,Ramesh Kumar,2000000
2022,Kolkata Knight Riders,Pratham Singh,2000000
2022,Lucknow Super Giants,Avesh Khan,100000000
2022,Lucknow Super Giants,Jason Holder,87500000
2022,Lucknow Super Giants,Krunal Pandya,82500000
2022,Lucknow Super Giants,Mark Wood,75000000
2022,Lucknow Super Giants,Quinton De Kock,67500000
2022,Lucknow Super Giants,Deepak Hooda,57500000
2022,Lucknow Super Giants,Manish Pandey,46000000
2022,Lucknow Super Giants,Dushmanta Chameera,20000000
2022,Lucknow Super Giants,Evin Lewis,20000000
2022,Lucknow Super Giants,K. Gowtham,9000000
2022,Lucknow Super Giants,Ankit Singh Rajpoot,5000000
2022,Lucknow Super Giants,Shahbaz Nadeem,5000000
2022,Lucknow Super Giants,Kyle Mayers,5000000
2022,Lucknow Super Giants,Manan Vohra,2000000
2022,Lucknow Super Giants,Mohsin Khan,2000000
2022,Lucknow Super Giants,Mayank Yadav,2000000
2022,Lucknow Super Giants,Ayush Badoni,2000000
2022,Lucknow Super Giants,Karan Sharma,2000000
2022,Mumbai Indians,Ishan Kishan,152500000
2022,Mumbai Indians,Tim David,82500000
2022,Mumbai Indians,Jofra Archer,80000000
2022,Mumbai Indians,Dewald Brevis,30000000
2022,Mumbai Indians,Daniel Sams,26000000
2022,Mumbai Indians,N. Tilak Varma,17000000
2022,Mumbai Indians,Murugan Ashwin,16000000
2022,Mumbai Indians,Tymal Mills,15000000
2022,Mumbai Indians,Jaydev Unadkat,13000000
2022,Mumbai Indians,Riley Meredith,10000000
2022,Mumbai Indians,Fabian Allen,7500000
2022,Mumbai Indians,Mayank Markande,6500000
2022,Mumbai Indians,Sanjay Yadav,5000000
2022,Mumbai Indians,Basil Thampi,3000000
2022,Mumbai Indians,Arjun  Tendulkar,3000000
2022,Mumbai Indians,Anmolpreet Singh,2000000
2022,Mumbai Indians,Ramandeep  Singh,2000000
2022,Mumbai Indians,Aryan Juyal,2000000
2022,Mumbai Indians,Rahul Buddhi,2000000
2022,Mumbai Indians,Hrithik Shokeen,2000000
2022,Mumbai Indians,Mohd. Arshad Khan,2000000
2022,Punjab Kings,Liam Livingstone,115000000
2022,Punjab Kings,Kagiso Rabada,92500000
2022,Punjab Kings,Shahrukh Khan,90000000
2022,Punjab Kings,Shikhar Dhawan,82500000
2022,Punjab Kings,Jonny Bairstow,67500000
2022,Punjab Kings,Odean Smith,60000000
2022,Punjab Kings,Rahul Chahar,52500000
2022,Punjab Kings,Harpreet  Brar,38000000
2022,Punjab Kings,Raj Angad Bawa,20000000
2022,Punjab Kings,Vaibhav Arora,20000000
2022,Punjab Kings,Nathan Ellis,7500000
2022,Punjab Kings,Prabhsimran Singh,6000000
2022,Punjab Kings,Rishi Dhawan,5500000
2022,Punjab Kings,Sandeep Sharma,5000000
2022,Punjab Kings,Bhanuka Rajapaksa,5000000
2022,Punjab Kings,Benny Howell,4000000
2022,Punjab Kings,Ishan Porel,2500000
2022,Punjab Kings,Jitesh Sharma,2000000
2022,Punjab Kings,Prerak Mankad,2000000
2022,Punjab Kings,Atharva Taide,2000000
2022,Punjab Kings,Writtick Chatterjee,2000000
2022,Punjab Kings,Baltej Dhanda,2000000
2022,Punjab Kings,Ansh Patel,2000000
2022,Rajasthan Royals,Prasidh Krishna,100000000
2022,Rajasthan Royals,Shimron Hetmyer,85000000
2022,Rajasthan Royals,Trent Boult,80000000
2022,Rajasthan Royals,Devdutt Padikkal,77500000
2022,Rajasthan Royals,Yuzvendra Chahal,65000000
2022,Rajasthan Royals,R. Ashwin,50000000
2022,Rajasthan Royals,Riyan Parag,38000000
2022,Rajasthan Royals,Navdeep Saini,26000000
2022,Rajasthan Royals,Nathan Coulter-Nile,20000000
2022,Rajasthan Royals,James Neesham,15000000
2022,Rajasthan Royals,Karun Nair,14000000
2022,Rajasthan Royals,Rassie Van Der Dussen,10000000
2022,Rajasthan Royals,Daryl Mitchell,7500000
2022,Rajasthan Royals,Obed Mccoy,7500000
2022,Rajasthan Royals,K.C Cariappa,3000000
2022,Rajasthan Royals,Kuldeep  Sen,2000000
2022,Rajasthan Royals,Dhruv Jurel,2000000
2022,Rajasthan Royals,Tejas Baroka,2000000
2022,Rajasthan Royals,Kuldip Yadav,2000000
2022,Rajasthan Royals,Shubham Garhwal,2000000
2022,Rajasthan Royals,Anunay Singh,2000000
2022,Royal Challengers Bangalore,Wanindu Hasaranga,107500000
2022,Royal Challengers Bangalore,Harshal Patel,107500000
2022,Royal Challengers Bangalore,Josh Hazlewood,77500000
2022,Royal Challengers Bangalore,Faf Du Plessis,70000000
2022,Royal Challengers Bangalore,Dinesh  Karthik,55000000
2022,Royal Challengers Bangalore,Anuj Rawat,34000000
2022,Royal Challengers Bangalore,Shahbaz Ahamad,24000000
2022,Royal Challengers Bangalore,David Willey,20000000
2022,Royal Challengers Bangalore,Sherfane Rutherford,10000000
2022,Royal Challengers Bangalore,Mahipal Lomror,9500000
2022,Royal Challengers Bangalore,Finn Allen,8000000
2022,Royal Challengers Bangalore,Jason Behrendorff,7500000
2022,Royal Challengers Bangalore,Siddharth  Kaul,7500000
2022,Royal Challengers Bangalore,Karn Sharma,5000000
2022,Royal Challengers Bangalore,Suyash Prabhudessai,3000000
2022,Royal Challengers Bangalore,Chama Milind,2500000
2022,Royal Challengers Bangalore,Akash  Deep,2000000
2022,Royal Challengers Bangalore,Luvnith Sisodia,2000000
2022,Royal Challengers Bangalore,Aneeshwar Gautam,2000000
2022,Sunrisers Hyderabad,Nicholas Pooran,107500000
2022,Sunrisers Hyderabad,Washington Sundar,87500000
2022,Sunrisers Hyderabad,Rahul Tripathi,85000000
2022,Sunrisers Hyderabad,Romario Shepherd,77500000
2022,Sunrisers Hyderabad,Abhishek Sharma,65000000
2022,Sunrisers Hyderabad,Bhuvneshwar Kumar,42000000
2022,Sunrisers Hyderabad,Marco Jansen,42000000
2022,Sunrisers Hyderabad,T. Natarajan,40000000
2022,Sunrisers Hyderabad,Kartik Tyagi,40000000
2022,Sunrisers Hyderabad,Aiden Markram,26000000
2022,Sunrisers Hyderabad,Sean Abbott,24000000
2022,Sunrisers Hyderabad,Glenn Phillips,15000000
2022,Sunrisers Hyderabad,Shreyas Gopal,7500000
2022,Sunrisers Hyderabad,Vishnu Vinod,5000000
2022,Sunrisers Hyderabad,Fazalhaq Farooqi,5000000
2022,Sunrisers Hyderabad,Priyam  Garg,2000000
2022,Sunrisers Hyderabad,Jagadeesha Suchith,2000000
2022,Sunrisers Hyderabad,R Samarth,2000000
2022,Sunrisers Hyderabad,Shashank Singh,2000000
2022,Sunrisers Hyderabad,Saurabh Dubey,2000000
2021,Delhi Capitals,Tom Curran,52500000
2021,Delhi Capitals,Steven Smith,22000000
2021,Delhi Capitals,Sam Billings,20000000
2021,Delhi Capitals,Umesh Yadav,10000000
2021,Delhi Capitals,Ripal Patel,2000000
2021,Delhi Capitals,Vishnu Vinod,2000000
2021,Delhi Capitals,Lukman Hussain Meriwala,2000000
2021,Delhi Capitals,M Siddharth,2000000
2021,Kolkata Knight Riders,Shakib Al Hasan,32000000
2021,Kolkata Knight Riders,Harbhajan Singh,20000000
2021,Kolkata Knight Riders,Ben Cutting,7500000
2021,Kolkata Knight Riders,Karun Nair,5000000
2021,Kolkata Knight Riders,Pawan Negi,5000000
2021,Kolkata Knight Riders,Venkatesh Iyer,2000000
2021,Kolkata Knight Riders,Sheldon Jackson,2000000
2021,Kolkata Knight Riders,Vaibhav Arora,2000000
2021,Mumbai Indians,Nathan Coulter-Nile,50000000
2021,Mumbai Indians,Adam Milne,32000000
2021,Mumbai Indians,Piyush Chawla,24000000
2021,Mumbai Indians,James Neesham,5000000
2021,Mumbai Indians,Yudhvir Charak,2000000
2021,Mumbai Indians,Marco Jansen,2000000
2021,Mumbai Indians,Arjun Tendulkar, 2000000
2021,Punjab Kings,Jhye Richardson,140000000
2021,Punjab Kings,Riley Meredith,80000000
2021,Punjab Kings,Shahrukh Khan,52500000
2021,Punjab Kings,Moises Henriques,42000000
2021,Punjab Kings,Dawid Malan,15000000
2021,Punjab Kings,Fabian Allen,7500000
2021,Punjab Kings,Jalaj Saxena,3000000
2021,Punjab Kings,Saurabh Kumar,2000000
2021,Punjab Kings,Utkarsh Singh,2000000
2021,Rajasthan Royals,Christopher Morris,162500000
2021,Rajasthan Royals,Shivam Dube,44000000
2021,Rajasthan Royals,Chetan Sakariya,12000000
2021,Rajasthan Royals,Mustafizur Rahman,10000000
2021,Rajasthan Royals,Liam Livingstone,7500000
2021,Rajasthan Royals,K.C Cariappa,2000000
2021,Rajasthan Royals,Akash Singh,2000000
2021,Rajasthan Royals,Kuldip Yadav, 2000000
2021,Royal Challengers Bengaluru,Kyle Jamieson,150000000
2021,Royal Challengers Bengaluru,Glenn Maxwell,142500000
2021,Royal Challengers Bengaluru,Dan Christian,48000000
2021,Royal Challengers Bengaluru,Sachin Baby,2000000
2021,Royal Challengers Bengaluru,Rajat Patidar,2000000
2021,Royal Challengers Bengaluru,Mohammed Azharudeen,2000000
2021,Royal Challengers Bengaluru,Suyash Prabhudesai,2000000
2021,Royal Challengers Bengaluru,Kona Srikar Bharat, 2000000
2021,Sunrisers Hyderabad,Kedar Jadhav,20000000
2021,Sunrisers Hyderabad,Mujeeb Zadran,15000000
2021,Sunrisers Hyderabad,J Suchith,3000000
2020,Delhi Capitals,Shimron Hetmyer,77500000
2020,Delhi Capitals,Marcus Stoinis,48000000
2020,Delhi Capitals,Alex Carey,24000000
2020,Delhi Capitals,Jason Roy,15000000
2020,Delhi Capitals,Chris Woakes,15000000
2020,Delhi Capitals,Mohit Sharma,5000000
2020,Delhi Capitals,Tushar Deshpande,2000000
2020,Delhi Capitals,Lalit Yadav,2000000
2020,Kings XI Punjab,Glenn Maxwell,107500000
2020,Kings XI Punjab,Sheldon Cottrell,85000000
2020,Kings XI Punjab,Chris Jordan,30000000
2020,Kings XI Punjab,Ravi Bishnoi,20000000
2020,Kings XI Punjab,Prabhsimran Singh,5500000
2020,Kings XI Punjab,Deepak Hooda,5000000
2020,Kings XI Punjab,James Neesham,5000000
2020,Kings XI Punjab,Tajinder Dhillon,2000000
2020,Kings XI Punjab,Ishan Porel,2000000
2020,Kolkata Knight Riders,Pat Cummins,155000000
2020,Kolkata Knight Riders,Eoin Morgan,52500000
2020,Kolkata Knight Riders,Varun Chakaravarthy,40000000
2020,Kolkata Knight Riders,Tom Banton,10000000
2020,Kolkata Knight Riders,Rahul Tripathi,6000000
2020,Kolkata Knight Riders,Chris Green,2000000
2020,Kolkata Knight Riders,Nikhil Shankar Naik,2000000
2020,Kolkata Knight Riders,Pravin Tambe,2000000
2020,Kolkata Knight Riders,M Siddharth,2000000
2020,Mumbai Indians,Nathan Coulter-Nile,80000000
2020,Mumbai Indians,Chris Lynn,20000000
2020,Mumbai Indians,Saurabh Tiwary,5000000
2020,Mumbai Indians,Digvijay Deshmukh,2000000
2020,Mumbai Indians,Prince Balwant Rai Singh,2000000
2020,Mumbai Indians,Mohsin Khan,2000000
2020,Rajasthan Royals,Robin Uthappa,30000000
2020,Rajasthan Royals,Jaydev Unadkat,30000000
2020,Rajasthan Royals,Yashasvi Jaiswal,24000000
2020,Rajasthan Royals,Kartik Tyagi,13000000
2020,Rajasthan Royals,Tom Curran,10000000
2020,Rajasthan Royals,Andrew Tye,10000000
2020,Rajasthan Royals,Anuj Rawat,8000000
2020,Rajasthan Royals,David Miller,7500000
2020,Rajasthan Royals,Oshane Thomas,5000000
2020,Rajasthan Royals,Anirudha Ashok Joshi,2000000
2020,Rajasthan Royals,Akash Singh,2000000
2020,Royal Challengers Bengaluru,Christopher Morris,100000000
2020,Royal Challengers Bengaluru,Aaron Finch,44000000
2020,Royal Challengers Bengaluru,Kane Richardson,40000000
2020,Royal Challengers Bengaluru,Dale Steyn,20000000
2020,Royal Challengers Bengaluru,Isuru Udana,5000000
2020,Royal Challengers Bengaluru,Shahbaz Ahamad,2000000
2020,Royal Challengers Bengaluru,Joshua Philippe,2000000
2020,Royal Challengers Bengaluru,Pavan Deshpande,2000000
2020,Sunrisers Hyderabad,Mitchell Marsh,20000000
2020,Sunrisers Hyderabad,Priyam Garg,19000000
2020,Sunrisers Hyderabad,Virat Singh,19000000
2020,Sunrisers Hyderabad,Fabian Allen,5000000
2020,Sunrisers Hyderabad,Sandeep Bavanaka,2000000
2020,Sunrisers Hyderabad,Sanjay Yadav,2000000
2020,Sunrisers Hyderabad,Abdul Samad,2000000
2019,Delhi Capitals,Colin Ingram,64000000
2019,Delhi Capitals,Axar Rajesh Patel,50000000
2019,Delhi Capitals,Hanuma Vihari,20000000
2019,Delhi Capitals,Sherfane Rutherford,20000000
2019,Delhi Capitals,Ishant Sharma,11000000
2019,Delhi Capitals,Keemo Paul,5000000
2019,Delhi Capitals,Jalaj Saxena,2000000
2019,Delhi Capitals,Ankush Bains,2000000
2019,Delhi Capitals,Nathu Singh,2000000
2019,Delhi Capitals,Bandaru Ayyappa,2000000
2019,Kings XI Punjab,Varun Chakaravarthy,84000000
2019,Kings XI Punjab,Sam Curran,72000000
2019,Kings XI Punjab,Mohammad Shami,48000000
2019,Kings XI Punjab,Prabhsimran Singh,48000000
2019,Kings XI Punjab,Nicolas Pooran,42000000
2019,Kings XI Punjab,Moises Henriques,10000000
2019,Kings XI Punjab,Hardus Viljoen,7500000
2019,Kings XI Punjab,Darshan Nalkande,3000000
2019,Kings XI Punjab,Sarfaraz Naushad Khan,2500000
2019,Kings XI Punjab,Arshdeep Singh,2000000
2019,Kings XI Punjab,Agnivesh Ayachi,2000000
2019,Kings XI Punjab,Harpreet Brar,2000000
2019,Kings XI Punjab,M. Ashwin,2000000
2019,Kolkata Knight Riders,Carlos Brathwaite,50000000
2019,Kolkata Knight Riders,Lockie Ferguson,16000000
2019,Kolkata Knight Riders,Joe Denly,10000000
2019,Kolkata Knight Riders,Harry Gurney,7500000
2019,Kolkata Knight Riders,Nikhil Shankar Naik,2000000
2019,Kolkata Knight Riders,Shrikant Mundhe,2000000
2019,Kolkata Knight Riders,Prithvi Raj Yarra,2000000
2019,Kolkata Knight Riders,Anrich Nortje,2000000
2019,Mumbai Indians,Barinder Singh Sran,34000000
2019,Mumbai Indians,Lasith Malinga,20000000
2019,Mumbai Indians,Yuvraj Singh,10000000
2019,Mumbai Indians,Anmolpreet Singh,8000000
2019,Mumbai Indians,Pankaj Jaswal,2000000
2019,Mumbai Indians,Rasikh Dar,2000000
2019,Rajasthan Royals,Jaydev Unadkat,84000000
2019,Rajasthan Royals,Varun Aaron,24000000
2019,Rajasthan Royals,Oshane Thomas,11000000
2019,Rajasthan Royals,Ashton Turner,5000000
2019,Rajasthan Royals,Liam Livingstone,5000000
2019,Rajasthan Royals,Shashank Singh,3000000
2019,Rajasthan Royals,Riyan Parag,2000000
2019,Rajasthan Royals,Manan Vohra,2000000
2019,Rajasthan Royals,Shubham Ranjane,2000000
2019,Royal Challengers Bengaluru,Shivam Dube,50000000
2019,Royal Challengers Bengaluru,Shimron Hetmyer,42000000
2019,Royal Challengers Bengaluru,Akshdeep Nath,36000000
2019,Royal Challengers Bengaluru,Prayas Ray Barman,15000000
2019,Royal Challengers Bengaluru,Himmat Singh,6500000
2019,Royal Challengers Bengaluru,Gurkeerat Singh Mann,5000000
2019,Royal Challengers Bengaluru,Heinrich Klaasen,5000000
2019,Royal Challengers Bengaluru,Devdutt Padikkal,2000000
2019,Royal Challengers Bengaluru,Milind Kumar,2000000
2019,Sunrisers Hyderabad,Jonny Bairstow,22000000
2019,Sunrisers Hyderabad,Wriddhiman Saha,12000000
2019,Sunrisers Hyderabad,Martin Guptill,10000000
2018,Delhi Daredevils,Glenn Maxwell,90000000
2018,Delhi Daredevils,Kagiso Rabada,42000000
2018,Delhi Daredevils,Amit Mishra,40000000
2018,Delhi Daredevils,Shahbaz Nadeem,32000000
2018,Delhi Daredevils,Vijay Shankar,32000000
2018,Delhi Daredevils,Rahul Tewatia,30000000
2018,Delhi Daredevils,Mohammad Shami,30000000
2018,Delhi Daredevils,Gautam Gambhir,28000000
2018,Delhi Daredevils,Trent Boult,22000000
2018,Delhi Daredevils,Colin Munro,19000000
2018,Delhi Daredevils,Daniel Christian,15000000
2018,Delhi Daredevils,Jason Roy,15000000
2018,Delhi Daredevils,Naman Ojha,14000000
2018,Delhi Daredevils,Prithvi Shaw,12000000
2018,Delhi Daredevils,Gurkeerat Singh Mann,7500000
2018,Delhi Daredevils,Avesh Khan,7000000
2018,Delhi Daredevils,Abhishek Sharma,5500000
2018,Delhi Daredevils,Jayant Yadav,5000000
2018,Delhi Daredevils,Harshal Patel,2000000
2018,Delhi Daredevils,Manjot Kalra,2000000
2018,Delhi Daredevils,Sandeep Lamichhane,2000000
2018,Delhi Daredevils,Sayan Ghosh,2000000
2018,Kings XI Punjab,KL Rahul,110000000
2018,Kings XI Punjab,Ravichandran Ashwin,76000000
2018,Kings XI Punjab,Andrew Tye,72000000
2018,Kings XI Punjab,Aaron Finch,62000000
2018,Kings XI Punjab,Marcus Stoinis,62000000
2018,Kings XI Punjab,Karun Nair,56000000
2018,Kings XI Punjab,Mujeeb Zadran,40000000
2018,Kings XI Punjab,Ankit Singh Rajpoot,30000000
2018,Kings XI Punjab,David Miller,30000000
2018,Kings XI Punjab,Mohit Sharma,24000000
2018,Kings XI Punjab,Barinder Singh Sran,22000000
2018,Kings XI Punjab,Yuvraj Singh,20000000
2018,Kings XI Punjab,Christopher Gayle,20000000
2018,Kings XI Punjab,Ben Dwarshuis,14000000
2018,Kings XI Punjab,Akshdeep Nath,10000000
2018,Kings XI Punjab,Manoj Tiwary,10000000
2018,Kings XI Punjab,Mayank Agarwal,10000000
2018,Kings XI Punjab,Manzoor Dar,2000000
2018,Kings XI Punjab,Pardeep Sahu,2000000
2018,Kings XI Punjab,Mayank Dagar,2000000
2018,Kolkata Knight Riders,Chris Lynn,96000000
2018,Kolkata Knight Riders,Mitchell Starc,94000000
2018,Kolkata Knight Riders,Dinesh Karthik,74000000
2018,Kolkata Knight Riders,Robin Uthappa,64000000
2018,Kolkata Knight Riders,Kuldeep Singh Yadav,58000000
2018,Kolkata Knight Riders,Piyush Chawla,42000000
2018,Kolkata Knight Riders,Nitish Rana,34000000
2018,Kolkata Knight Riders,Kamlesh Nagarkoti,32000000
2018,Kolkata Knight Riders,Shivam Mavi,30000000
2018,Kolkata Knight Riders,Mitchell Johnson,20000000
2018,Kolkata Knight Riders,Shubman Gill,18000000
2018,Kolkata Knight Riders,Ranganath Vinay Kumar,10000000
2018,Kolkata Knight Riders,Rinku Singh,8000000
2018,Kolkata Knight Riders,Cameron Delport,3000000
2018,Kolkata Knight Riders,Javon Searless,3000000
2018,Kolkata Knight Riders,Apoorv Vijay Wankhade,2000000
2018,Kolkata Knight Riders,Ishank Jaggi,2000000
2018,Mumbai Indians,Krunal Pandya,88000000
2018,Mumbai Indians,Ishan Kishan,62000000
2018,Mumbai Indians,Kieron Pollard,54000000
2018,Mumbai Indians,Pat Cummins,54000000
2018,Mumbai Indians,Evin Lewis,38000000
2018,Mumbai Indians,Suryakumar Yadav,32000000
2018,Mumbai Indians,Ben Cutting,22000000
2018,Mumbai Indians,Mustafizur Rahman,22000000
2018,Mumbai Indians,Rahul Chahar,19000000
2018,Mumbai Indians,Pradeep Sangwan,15000000
2018,Mumbai Indians,Jason Behrendorff,15000000
2018,Mumbai Indians,Jean-Paul Duminy,10000000
2018,Mumbai Indians,Saurabh Tiwary,8000000
2018,Mumbai Indians,Tajinder Dhillon,5500000
2018,Mumbai Indians,Akila Dhananjaya,5000000
2018,Mumbai Indians,Nidheesh M D Dinesan,2000000
2018,Mumbai Indians,Aditya Tare,2000000
2018,Mumbai Indians,Siddhesh Dinesh Lad,2000000
2018,Mumbai Indians,Mayank Markande,2000000
2018,Mumbai Indians,Sharad Lumba,2000000
2018,Mumbai Indians,Anukul Roy,2000000
2018,Mumbai Indians,Mohsin Khan,2000000
2018,Rajasthan Royals,Benjamin Stokes,125000000
2018,Rajasthan Royals,Jaydev Unadkat,115000000
2018,Rajasthan Royals,Sanju Samson,80000000
2018,Rajasthan Royals,Jofra Archer,72000000
2018,Rajasthan Royals,Krishnappa Gowtham,62000000
2018,Rajasthan Royals,Jos Buttler,44000000
2018,Rajasthan Royals,Ajinkya Rahane,40000000
2018,Rajasthan Royals,Darcy Short,40000000
2018,Rajasthan Royals,Rahul Tripathi,34000000
2018,Rajasthan Royals,Dhawal Kulkarni,7500000
2018,Rajasthan Royals,Zahir Khan Pakteen,6000000
2018,Rajasthan Royals,Ben Laughlin,5000000
2018,Rajasthan Royals,Stuart Binny,5000000
2018,Rajasthan Royals,Dushmantha Chameera,5000000
2018,Rajasthan Royals,Anureet Singh,3000000
2018,Rajasthan Royals,Aryaman Vikram Birla,3000000
2018,Rajasthan Royals,Midhun S,2000000
2018,Rajasthan Royals,Shreyas Gopal,2000000
2018,Rajasthan Royals,Prashant Chopra,2000000
2018,Rajasthan Royals,Jatin Saxena,2000000
2018,Rajasthan Royals,Ankit Sharma,2000000
2018,Rajasthan Royals,Mahipal Lomror,2000000
2018,Royal Challengers Bengaluru,Chris Woakes,74000000
2018,Royal Challengers Bengaluru,Yuzvendra Singh Chahal,60000000
2018,Royal Challengers Bengaluru,Umesh Yadav,42000000
2018,Royal Challengers Bengaluru,Brendon McCullum,36000000
2018,Royal Challengers Bengaluru,M.S. Washington Sundar,32000000
2018,Royal Challengers Bengaluru,Navdeep Saini,30000000
2018,Royal Challengers Bengaluru,Quinton De Kock,28000000
2018,Royal Challengers Bengaluru,Mohammed Siraj,26000000
2018,Royal Challengers Bengaluru,Nathan Coulter-Nile,22000000
2018,Royal Challengers Bengaluru,Colin De Grandhomme,22000000
2018,Royal Challengers Bengaluru,M. Ashwin,22000000
2018,Royal Challengers Bengaluru,Parthiv Patel,17000000
2018,Royal Challengers Bengaluru,Moeen Ali,17000000
2018,Royal Challengers Bengaluru,Mandeep Singh,14000000
2018,Royal Challengers Bengaluru,Manan Vohra,11000000
2018,Royal Challengers Bengaluru,Pawan Negi,10000000
2018,Royal Challengers Bengaluru,Tim Southee,10000000
2018,Royal Challengers Bengaluru,Kulwant Khejroliya,8500000
2018,Royal Challengers Bengaluru,Aniket Choudhary,3000000
2018,Royal Challengers Bengaluru,Pavan Deshpande,2000000
2018,Royal Challengers Bengaluru,Anirudha Ashok Joshi,2000000
2018,Sunrisers Hyderabad,Manish Pandey,110000000
2018,Sunrisers Hyderabad,Rashid Khan Arman,90000000
2018,Sunrisers Hyderabad,Shikhar Dhawan,52000000
2018,Sunrisers Hyderabad,Wriddhiman Saha,50000000
2018,Sunrisers Hyderabad,Siddarth Kaul,38000000
2018,Sunrisers Hyderabad,Deepak Hooda,36000000
2018,Sunrisers Hyderabad,Syed Khaleel Ahmed,30000000
2018,Sunrisers Hyderabad,Sandeep Sharma,30000000
2018,Sunrisers Hyderabad,Kane Williamson,30000000
2018,Sunrisers Hyderabad,Carlos Brathwaite,20000000
2018,Sunrisers Hyderabad,Shakib Al Hasan,20000000
2018,Sunrisers Hyderabad,Yusuf Pathan,19000000
2018,Sunrisers Hyderabad,Shreevats Goswami,10000000
2018,Sunrisers Hyderabad,Mohammad Nabi,10000000
2018,Sunrisers Hyderabad,Chris Jordan,10000000
2018,Sunrisers Hyderabad,Basil Thampi,9500000
2018,Sunrisers Hyderabad,Billy Stanlake,5000000
2018,Sunrisers Hyderabad,T Natarajan,4000000
2018,Sunrisers Hyderabad,Sachin Baby,2000000
2018,Sunrisers Hyderabad,Bipul Sharma,2000000
2018,Sunrisers Hyderabad,Syed Mehdi Hasan,2000000
2018,Sunrisers Hyderabad,Ricky Bhui,2000000
2018,Sunrisers Hyderabad,Tanmay Agarwal,2000000
