year,team_name,player_name,price,matches,runs,strike_rate,fours,sixes,highest_score,matches_bowled,wickets,economy,overs_bowled,maidens,best_bowling,innings_bowled
2025,Lucknow Super Giants,Rishabh Pant,270000000,14.0,269.0,133.16,23.0,16.0,118.0,,,,,,,
2025,Punjab Kings,Shreyas Iyer,267500000,16.0,603.0,175.8,43.0,39.0,97.0,,,,,,,
2025,Kolkata Knight Riders,Venkatesh Iyer,237500000,11.0,142.0,139.21,15.0,4.0,60.0,,,,,,,
2025,Punjab Kings,Yuzvendra Chahal,180000000,,,,,,,13.0,15.0,9.58,41.0,0.0,28/4,12.0
2025,Punjab Kings,Arshdeep Singh,180000000,16.0,2.0,33.33,0.0,0.0,1.0,16.0,18.0,8.79,54.2,1.0,16/3,15.0
2025,Gujarat Titans,Jos  Buttler,157500000,,,,,,,,,,,,,
2025,Delhi Capitals,KL Rahul,140000000,,,,,,,,,,,,,
2025,Mumbai Indians,Trent Boult,125000000,16.0,2.0,66.66,0.0,0.0,1.0,16.0,22.0,8.96,57.4,0.0,26/4,16.0
2025,Rajasthan Royals,Jofra Archer,125000000,12.0,63.0,126.0,3.0,4.0,30.0,12.0,11.0,9.47,45.3,1.0,25/3,12.0
2025,Royal Challengers Bengaluru,Josh Hazlewood,125000000,,,,,,,11.0,21.0,8.3,40.0,0.0,33/4,11.0
2025,Gujarat Titans,Mohammad Siraj,122500000,,,,,,,,,,,,,
2025,Delhi Capitals,Mitchell Starc,117500000,11.0,6.0,60.0,0.0,0.0,2.0,11.0,14.0,10.16,36.0,0.0,35/5,10.0
2025,Royal Challengers Bengaluru,Phil Salt,115000000,12.0,387.0,175.9,46.0,21.0,65.0,,,,,,,
2025,Sunrisers Hyderabad,Ishan Kishan,112500000,14.0,354.0,152.58,33.0,15.0,106.0,,,,,,,
2025,Punjab Kings,Marcus Stoinis,110000000,12.0,154.0,183.33,8.0,14.0,44.0,12.0,1.0,12.35,14.1,0.0,14/1,9.0
2025,Royal Challengers Bengaluru,Jitesh Sharma,110000000,14.0,237.0,171.73,22.0,15.0,85.0,,,,,,,
2025,Delhi Capitals,T. Natarajan,107500000,,,,,,,,,,,,,
2025,Gujarat Titans,Kagiso Rabada,107500000,4.0,9.0,112.5,0.0,1.0,7.0,4.0,2.0,11.57,14.0,0.0,41/1,4.0
2025,Royal Challengers Bengaluru,Bhuvneshwar Kumar,107500000,13.0,13.0,56.52,1.0,0.0,8.0,13.0,15.0,9.27,48.0,0.0,33/3,13.0
2025,Chennai Super Kings,Noor Ahmad,100000000,14.0,7.0,41.17,0.0,0.0,2.0,14.0,24.0,8.16,50.0,0.0,18/4,14.0
2025,Sunrisers Hyderabad,Mohammad Shami,100000000,9.0,10.0,100.0,1.0,0.0,6.0,9.0,6.0,11.23,30.0,0.0,28/2,9.0
2025,Chennai Super Kings,Ravichandaran Ashwin,97500000,,,,,,,,,,,,,
2025,Lucknow Super Giants,Avesh Khan,97500000,13.0,21.0,175.0,3.0,1.0,19.0,13.0,13.0,10.28,47.2,0.0,37/3,13.0
2025,Gujarat Titans,Prasidh Krishna,95000000,,,,,,,15.0,25.0,8.27,59.0,0.0,41/4,15.0
2025,Mumbai Indians,Deepak Chahar,92500000,14.0,37.0,148.0,3.0,2.0,28.0,14.0,11.0,9.17,41.0,1.0,12/2,14.0
2025,Delhi Capitals,Jake Fraser-Mcgurk,90000000,,,,,,,,,,,,,
2025,Royal Challengers Bengaluru,Liam Livingstone,87500000,9.0,87.0,126.08,4.0,7.0,54.0,9.0,2.0,8.44,9.0,0.0,28/2,5.0
2025,Delhi Capitals,Mukesh Kumar,80000000,,,,,,,12.0,12.0,10.32,39.3,1.0,33/4,12.0
2025,Lucknow Super Giants,Akash Deep,80000000,6.0,6.0,300.0,0.0,1.0,6.0,6.0,3.0,12.05,19.0,0.0,55/2,6.0
2025,Sunrisers Hyderabad,Harshal Patel,80000000,13.0,21.0,80.76,0.0,0.0,12.0,13.0,16.0,9.8,43.5,0.0,28/4,13.0
2025,Lucknow Super Giants,David Miller,75000000,11.0,153.0,127.5,13.0,4.0,27.0,,,,,,,
2025,Punjab Kings,Marco Jansen,70000000,14.0,75.0,119.04,3.0,4.0,34.0,14.0,16.0,9.2,47.1,0.0,17/3,14.0
2025,Kolkata Knight Riders,Anrich Nortje,65000000,,,,,,,2.0,1.0,11.85,7.0,0.0,23/1,2.0
2025,Rajasthan Royals,Tushar Deshpande,65000000,10.0,7.0,87.5,0.0,0.0,3.0,10.0,9.0,10.62,32.0,0.0,44/3,10.0
2025,Chennai Super Kings,Devon Conway,62500000,6.0,156.0,131.09,17.0,4.0,69.0,,,,,,,
2025,Delhi Capitals,Harry Brook,62500000,,,,,,,,,,,,,
2025,Royal Challengers Bengaluru,Rasikh Dar,60000000,,,,,,,2.0,1.0,11.66,6.0,0.0,35/1,2.0
2025,Royal Challengers Bengaluru,Krunal Pandya,57500000,14.0,105.0,129.62,9.0,4.0,73.0,14.0,15.0,8.61,42.0,0.0,45/4,14.0
2025,Mumbai Indians,Will Jacks,52500000,13.0,233.0,135.46,22.0,11.0,53.0,13.0,6.0,8.57,14.0,0.0,14/2,8.0
2025,Mumbai Indians,Naman Dhir,52500000,16.0,252.0,182.6,24.0,13.0,46.0,,,,,,,
2025,Rajasthan Royals,Wanindu Hasaranga,52500000,11.0,9.0,60.0,0.0,0.0,4.0,11.0,11.0,9.04,41.0,0.0,35/4,11.0
2025,Chennai Super Kings,Syed Khaleel Ahmed,48000000,,,,,,,,,,,,,
2025,Mumbai Indians,Allah  Ghazanfar,48000000,,,,,,,,,,,,,
2025,Rajasthan Royals,Maheesh Theekshana,44000000,11.0,10.0,37.03,0.0,0.0,5.0,11.0,11.0,9.76,42.0,0.0,26/2,11.0
2025,Lucknow Super Giants,Abdul Samad,42000000,13.0,164.0,176.34,8.0,14.0,45.0,,,,,,,
2025,Punjab Kings,Nehal Wadhera,42000000,15.0,354.0,150.63,28.0,20.0,70.0,,,,,,,
2025,Punjab Kings,Glenn Maxwell,42000000,7.0,48.0,97.95,5.0,1.0,30.0,7.0,4.0,8.46,13.0,0.0,5/1,6.0
2025,Rajasthan Royals,Nitish Rana,42000000,11.0,217.0,161.94,27.0,9.0,81.0,,,,,,,
2025,Chennai Super Kings,Rachin Ravindra,40000000,8.0,191.0,128.18,18.0,4.0,65.0,,,,,,,
2025,Delhi Capitals,Ashutosh Sharma,38000000,13.0,204.0,160.62,14.0,13.0,66.0,,,,,,,
2025,Punjab Kings,Priyansh Arya,38000000,16.0,451.0,183.33,51.0,25.0,103.0,,,,,,,
2025,Kolkata Knight Riders,Quinton De Kock,36000000,8.0,152.0,129.91,9.0,11.0,97.0,,,,,,,
2025,Chennai Super Kings,Anshul Kamboj,34000000,8.0,14.0,116.66,2.0,0.0,5.0,8.0,8.0,8.0,21.3,0.0,13/3,8.0
2025,Chennai Super Kings,Rahul Tripathi,34000000,5.0,55.0,96.49,6.0,1.0,23.0,,,,,,,
2025,Lucknow Super Giants,Mitchell Marsh,34000000,13.0,627.0,163.7,56.0,37.0,117.0,,,,,,,
2025,Gujarat Titans,Washington Sundar,32000000,6.0,133.0,166.25,10.0,7.0,49.0,6.0,2.0,10.24,10.5,0.0,28/1,5.0
2025,Sunrisers Hyderabad,Abhinav Manohar,32000000,8.0,61.0,100.0,2.0,4.0,43.0,,,,,,,
2025,Sunrisers Hyderabad,Rahul Chahar,32000000,,,,,,,,,,,,,
2025,Kolkata Knight Riders,Angkrish Raghuvanshi,30000000,12.0,300.0,139.53,30.0,8.0,50.0,,,,,,,
2025,Royal Challengers Bengaluru,Tim David,30000000,12.0,187.0,185.14,16.0,14.0,50.0,,,,,,,
2025,Kolkata Knight Riders,Spencer Johnson,28000000,4.0,2.0,50.0,0.0,0.0,1.0,4.0,1.0,11.73,11.2,0.0,42/1,4.0
2025,Gujarat Titans,Sherfane Rutherford,26000000,13.0,291.0,157.29,22.0,18.0,46.0,,,,,,,
2025,Punjab Kings,Josh Inglis,26000000,10.0,239.0,161.48,25.0,12.0,73.0,,,,,,,
2025,Royal Challengers Bengaluru,Jacob Bethell,26000000,2.0,67.0,171.79,9.0,3.0,55.0,,,,,,,
2025,Royal Challengers Bengaluru,Suyash Sharma,26000000,,,,,,,13.0,8.0,8.81,48.0,0.0,17/3,13.0
2025,Chennai Super Kings,Sam Curran,24000000,5.0,114.0,135.71,11.0,4.0,88.0,5.0,1.0,11.08,12.0,0.0,34/1,5.0
2025,Gujarat Titans,Gerald Coetzee,24000000,4.0,17.0,154.54,2.0,1.0,12.0,4.0,2.0,10.91,12.0,0.0,10/1,4.0
2025,Lucknow Super Giants,Shahbaz Ahamad,24000000,,,,,,,,,,,,,
2025,Punjab Kings,Azmatullah Omarzai,24000000,8.0,56.0,143.58,6.0,3.0,21.0,8.0,7.0,10.6,23.0,0.0,33/2,7.0
2025,Sunrisers Hyderabad,Adam Zampa,24000000,,,,,,,2.0,2.0,11.75,8.0,0.0,46/1,2.0
2025,Chennai Super Kings,Gurjapneet Singh,22000000,,,,,,,,,,,,,
2025,Delhi Capitals,Mohit Sharma,22000000,8.0,1.0,33.33,0.0,0.0,1.0,8.0,2.0,10.28,25.0,0.0,10/1,8.0
2025,Chennai Super Kings,Nathan Ellis,20000000,,,,,,,1.0,1.0,9.5,4.0,0.0,38/1,1.0
2025,Delhi Capitals,Faf Du Plessis,20000000,9.0,202.0,123.92,18.0,8.0,62.0,,,,,,,
2025,Gujarat Titans,Glenn Phillips,20000000,,,,,,,,,,,,,
2025,Gujarat Titans,R. Sai Kishore,20000000,,,,,,,,,,,,,
2025,Kolkata Knight Riders,Moeen Ali,20000000,6.0,5.0,35.71,0.0,0.0,5.0,6.0,6.0,8.5,16.0,1.0,23/2,5.0
2025,Kolkata Knight Riders,Rahmanullah Gurbaz,20000000,5.0,74.0,139.62,10.0,3.0,35.0,,,,,,,
2025,Lucknow Super Giants,Aiden Markram,20000000,13.0,445.0,148.82,38.0,22.0,66.0,13.0,4.0,9.27,11.0,0.0,30/2,5.0
2025,Mumbai Indians,Mitchell Santner,20000000,13.0,40.0,121.21,2.0,3.0,18.0,13.0,10.0,7.92,39.3,0.0,11/3,13.0
2025,Punjab Kings,Lockie Ferguson,20000000,4.0,4.0,400.0,1.0,0.0,4.0,4.0,5.0,9.17,11.2,0.0,37/2,4.0
2025,Rajasthan Royals,Fazalhaq Farooqi,20000000,5.0,2.0,100.0,0.0,0.0,2.0,,,,,,,
2025,Royal Challengers Bengaluru,Devdutt Padikkal,20000000,10.0,247.0,150.6,21.0,14.0,61.0,,,,,,,
2025,Kolkata Knight Riders,Vaibhav Arora,18000000,,,,,,,12.0,17.0,10.11,42.3,1.0,29/3,12.0
2025,Punjab Kings,Vyshak Vijaykumar,18000000,,,,,,,4.0,3.0,11.61,13.0,0.0,44/2,4.0
2025,Chennai Super Kings,Deepak Hooda,17000000,7.0,31.0,75.6,2.0,1.0,22.0,,,,,,,
2025,Gujarat Titans,Mahipal Lomror,17000000,,,,,,,,,,,,,
2025,Punjab Kings,Yash Thakur,16000000,,,,,,,2.0,1.0,12.15,6.3,0.0,39/1,2.0
2025,Royal Challengers Bengaluru,Nuwan Thushara,16000000,,,,,,,1.0,1.0,6.5,4.0,0.0,26/1,1.0
2025,Chennai Super Kings,Jamie Overton,15000000,3.0,15.0,214.28,1.0,1.0,11.0,,,,,,,
2025,Kolkata Knight Riders,Ajinkya Rahane,15000000,13.0,390.0,147.72,36.0,20.0,61.0,,,,,,,
2025,Kolkata Knight Riders,Rovman Powell,15000000,2.0,5.0,100.0,1.0,0.0,5.0,,,,,,,
2025,Punjab Kings,Harpreet  Brar,15000000,,,,,,,,,,,,,
2025,Rajasthan Royals,Kwena Maphaka,15000000,2.0,8.0,400.0,2.0,0.0,8.0,2.0,1.0,10.8,5.0,0.0,32/1,2.0
2025,Royal Challengers Bengaluru,Romario Shepherd,15000000,7.0,53.0,353.33,4.0,6.0,53.0,7.0,5.0,11.0,11.0,0.0,14/2,6.0
2025,Sunrisers Hyderabad,Simarjeet Singh,15000000,4.0,3.0,42.85,0.0,0.0,3.0,4.0,2.0,14.1,10.0,0.0,46/2,4.0
2025,Gujarat Titans,Gurnoor Singh Brar,13000000,,,,,,,,,,,,,
2025,Gujarat Titans,Mohd. Arshad Khan,13000000,,,,,,,,,,,,,
2025,Punjab Kings,Aaron Hardie,12500000,,,,,,,,,,,,,
2025,Chennai Super Kings,Vijay Shankar,12000000,6.0,118.0,129.67,8.0,3.0,69.0,,,,,,,
2025,Rajasthan Royals,Akash Madhwal,12000000,4.0,4.0,44.44,0.0,0.0,4.0,4.0,4.0,11.06,15.0,0.0,29/3,4.0
2025,Sunrisers Hyderabad,Eshan Malinga,12000000,,,,,,,7.0,13.0,8.92,26.4,0.0,31/3,7.0
2025,Rajasthan Royals,Vaibhav Suryavanshi,11000000,7.0,252.0,206.55,18.0,24.0,101.0,,,,,,,
2025,Mumbai Indians,Ryan Rickelton,10000000,14.0,388.0,150.97,47.0,17.0,62.0,,,,,,,
2025,Royal Challengers Bengaluru,Lungisani Ngidi,10000000,,,,,,,2.0,4.0,10.12,8.0,0.0,30/3,2.0
2025,Sunrisers Hyderabad,Brydon Carse,10000000,,,,,,,,,,,,,
2025,Sunrisers Hyderabad,Jaydev Unadkat,10000000,,,,,,,7.0,11.0,7.34,23.5,0.0,24/3,7.0
2025,Delhi Capitals,Sameer Rizvi,9500000,5.0,121.0,153.16,11.0,7.0,58.0,,,,,,,
2025,Punjab Kings,Vishnu Vinod,9500000,,,,,,,,,,,,,
2025,Punjab Kings,Xavier Bartlett,8000000,4.0,11.0,73.33,1.0,0.0,11.0,4.0,2.0,9.6,10.0,0.0,26/1,4.0
2025,Punjab Kings,Kuldeep  Sen,8000000,,,,,,,,,,,,,
2025,Rajasthan Royals,Shubham Dubey,8000000,9.0,106.0,160.6,6.0,8.0,34.0,,,,,,,
2025,Delhi Capitals,Donovan Ferreira,7500000,1.0,1.0,33.33,0.0,0.0,1.0,,,,,,,
2025,Delhi Capitals,Dushmantha Chameera,7500000,6.0,10.0,71.42,0.0,0.0,8.0,6.0,4.0,11.4,15.0,0.0,24/1,5.0
2025,Gujarat Titans,Karim Janat,7500000,,,,,,,,,,,,,
2025,Gujarat Titans,Jayant Yadav,7500000,,,,,,,,,,,,,
2025,Gujarat Titans,Ishant Sharma,7500000,,,,,,,7.0,4.0,11.18,18.2,0.0,18/1,7.0
2025,Kolkata Knight Riders,Umran  Malik,7500000,,,,,,,,,,,,,
2025,Kolkata Knight Riders,Manish Pandey,7500000,3.0,92.0,141.53,5.0,5.0,37.0,,,,,,,
2025,Lucknow Super Giants,Matthew Breetzke,7500000,1.0,14.0,116.66,1.0,1.0,14.0,,,,,,,
2025,Lucknow Super Giants,Shamar Joseph,7500000,,,,,,,,,,,,,
2025,Lucknow Super Giants,M. Siddharth,7500000,,,,,,,,,,,,,
2025,Mumbai Indians,Lizaad Williams,7500000,,,,,,,,,,,,,
2025,Mumbai Indians,Reece Topley,7500000,,,,,,,,,,,,,
2025,Sunrisers Hyderabad,Kamindu Mendis,7500000,5.0,92.0,133.33,7.0,2.0,32.0,5.0,2.0,8.57,7.0,0.0,4/1,4.0
2025,Gujarat Titans,Kumar Kushagra,6500000,,,,,,,,,,,,,
2025,Mumbai Indians,Robin Minz,6500000,2.0,6.0,40.0,0.0,0.0,3.0,,,,,,,
2025,Chennai Super Kings,Vansh Bedi,5500000,,,,,,,,,,,,,
2025,Delhi Capitals,Vipraj Nigam,5000000,14.0,142.0,179.74,15.0,8.0,39.0,14.0,11.0,9.12,39.0,0.0,18/2,13.0
2025,Delhi Capitals,Karun Nair,5000000,8.0,198.0,172.17,24.0,10.0,89.0,,,,,,,
2025,Mumbai Indians,Karn Sharma,5000000,6.0,1.0,100.0,0.0,0.0,1.0,6.0,7.0,8.53,15.0,0.0,23/3,5.0
2025,Royal Challengers Bengaluru,Swapnil Singh,5000000,,,,,,,,,,,,,
2025,Delhi Capitals,Madhav Tiwari,4000000,1.0,3.0,75.0,0.0,0.0,3.0,,,,,,,
2025,Kolkata Knight Riders,Anukul Roy,4000000,,,,,,,1.0,1.0,6.75,4.0,0.0,27/1,1.0
2025,Sunrisers Hyderabad,Zeeshan Ansari,4000000,,,,,,,10.0,6.0,9.84,33.5,0.0,42/3,10.0
2025,Rajasthan Royals,Yudhvir Charak,3500000,,,,,,,,,,,,,
2025,Chennai Super Kings,Andre Siddarth,3000000,,,,,,,,,,,,,
2025,Chennai Super Kings,Shreyas Gopal,3000000,,,,,,,,,,,,,
2025,Chennai Super Kings,Ramakrishna Ghosh,3000000,,,,,,,,,,,,,
2025,Chennai Super Kings,Kamlesh Nagarkoti,3000000,,,,,,,,,,,,,
2025,Chennai Super Kings,Mukesh Choudhary,3000000,,,,,,,2.0,1.0,11.83,6.0,0.0,21/1,2.0
2025,Chennai Super Kings,Shaik Rasheed,3000000,5.0,71.0,112.69,9.0,2.0,27.0,,,,,,,
2025,Delhi Capitals,Tripurana Vijay,3000000,,,,,,,,,,,,,
2025,Delhi Capitals,Manvanth Kumar L,3000000,,,,,,,,,,,,,
2025,Delhi Capitals,Ajay Mandal,3000000,,,,,,,,,,,,,
2025,Delhi Capitals,Darshan Nalkande,3000000,,,,,,,,,,,,,
2025,Gujarat Titans,Kulwant Khejroliya,3000000,,,,,,,1.0,1.0,9.66,3.0,0.0,29/1,1.0
2025,Gujarat Titans,Manav Suthar,3000000,,,,,,,,,,,,,
2025,Gujarat Titans,Anuj Rawat,3000000,,,,,,,,,,,,,
2025,Gujarat Titans,Nishant Sindhu,3000000,,,,,,,,,,,,,
2025,Kolkata Knight Riders,Luvnith Sisodia,3000000,,,,,,,,,,,,,
2025,Kolkata Knight Riders,Mayank Markande,3000000,,,,,,,,,,,,,
2025,Lucknow Super Giants,Arshin Kulkarni,3000000,,,,,,,,,,,,,
2025,Lucknow Super Giants,Rajvardhan Hangargekar,3000000,,,,,,,,,,,,,
2025,Lucknow Super Giants,Yuvraj Chaudhary,3000000,,,,,,,,,,,,,
2025,Lucknow Super Giants,Prince Yadav,3000000,6.0,5.0,50.0,0.0,0.0,4.0,6.0,3.0,9.85,22.5,0.0,29/1,6.0
2025,Lucknow Super Giants,Akash Singh,3000000,,,,,,,3.0,4.0,8.86,11.1,0.0,30/2,3.0
2025,Lucknow Super Giants,Digvesh Singh,3000000,13.0,1.0,33.33,0.0,0.0,1.0,13.0,14.0,8.25,52.0,0.0,30/2,13.0
2025,Lucknow Super Giants,Himmat Singh,3000000,,,,,,,,,,,,,
2025,Lucknow Super Giants,Aryan Juyal,3000000,,,,,,,,,,,,,
2025,Mumbai Indians,Vignesh Puthur,3000000,,,,,,,5.0,6.0,9.08,12.0,0.0,32/3,5.0
2025,Mumbai Indians,Arjun  Tendulkar,3000000,,,,,,,,,,,,,
2025,Mumbai Indians,Bevan John Jacobs,3000000,,,,,,,,,,,,,
2025,Mumbai Indians,Venkata Satyanarayana Penmetsa,3000000,,,,,,,,,,,,,
2025,Mumbai Indians,Raj Angad Bawa,3000000,3.0,8.0,200.0,0.0,0.0,8.0,,,,,,,
2025,Mumbai Indians,Shrijith Krishnan,3000000,,,,,,,,,,,,,
2025,Mumbai Indians,Ashwani Kumar,3000000,,,,,,,7.0,11.0,11.31,20.3,0.0,24/4,7.0
2025,Punjab Kings,Pravin Dubey,3000000,,,,,,,1.0,1.0,10.0,2.0,0.0,20/1,1.0
2025,Punjab Kings,Pyla Avinash,3000000,,,,,,,,,,,,,
2025,Punjab Kings,Suryansh  Shedge,3000000,,,,,,,,,,,,,
2025,Punjab Kings,Musheer Khan,3000000,,,,,,,1.0,1.0,13.5,2.0,0.0,27/1,1.0
2025,Punjab Kings,Harnoor Pannu,3000000,,,,,,,,,,,,,
2025,Rajasthan Royals,Ashok Sharma,3000000,,,,,,,,,,,,,
2025,Rajasthan Royals,Kunal Rathore,3000000,,,,,,,,,,,,,
2025,Rajasthan Royals,Kumar Kartikeya Singh,3000000,4.0,3.0,60.0,0.0,0.0,2.0,4.0,2.0,9.75,8.0,0.0,21/1,4.0
2025,Royal Challengers Bengaluru,Mohit Rathee,3000000,,,,,,,,,,,,,
2025,Royal Challengers Bengaluru,Abhinandan Singh,3000000,,,,,,,,,,,,,
2025,Royal Challengers Bengaluru,Swastik Chhikara,3000000,,,,,,,,,,,,,
2025,Royal Challengers Bengaluru,Manoj Bhandage,3000000,1.0,1.0,25.0,0.0,0.0,1.0,,,,,,,
2025,Sunrisers Hyderabad,Sachin Baby,3000000,,,,,,,,,,,,,
2025,Sunrisers Hyderabad,Aniket Verma,3000000,14.0,236.0,166.19,12.0,20.0,74.0,,,,,,,
2025,Sunrisers Hyderabad,Atharva Taide,3000000,1.0,13.0,144.44,3.0,0.0,13.0,,,,,,,
2024,Kolkata Knight Riders,Mitchell  Starc,247500000,,,,,,,,,,,,,
2024,Sunrisers Hyderabad,Pat Cummins,205000000,16.0,136.0,143.15,9.0,8.0,35.0,16.0,18.0,9.27,61.0,1.0,43/3,16.0
2024,Chennai Super Kings,Daryl Mitchell,140000000,13.0,318.0,142.6,27.0,10.0,63.0,13.0,1.0,11.66,6.0,0.0,18/1,2.0
2024,Punjab Kings,Harshal Patel,117500000,14.0,13.0,68.42,1.0,1.0,12.0,14.0,24.0,9.73,49.0,0.0,15/3,14.0
2024,Royal Challengers Bengaluru,Alzarri Joseph,115000000,,,,,,,3.0,1.0,11.89,9.4,0.0,43/1,3.0
2024,Gujarat Titans,Spencer Johnson,100000000,5.0,6.0,85.71,1.0,0.0,5.0,5.0,4.0,9.43,16.0,0.0,25/2,5.0
2024,Chennai Super Kings,Sameer Rizvi,84000000,,,,,,,,,,,,,
2024,Punjab Kings,Rilee Rossouw,80000000,8.0,211.0,181.89,25.0,11.0,61.0,,,,,,,
2024,Gujarat Titans,Shahrukh Khan,74000000,7.0,127.0,169.33,9.0,9.0,58.0,,,,,,,
2024,Rajasthan Royals,Rovman Powell,74000000,10.0,103.0,151.47,10.0,6.0,27.0,,,,,,,
2024,Delhi Capitals,Kumar Kushagra,72000000,4.0,3.0,42.85,0.0,0.0,2.0,,,,,,,
2024,Sunrisers Hyderabad,Travis Head,68000000,15.0,567.0,191.55,64.0,32.0,102.0,,,,,,,
2024,Lucknow Super Giants,Shivam  Mavi,64000000,,,,,,,,,,,,,
2024,Gujarat Titans,Umesh Yadav,58000000,7.0,12.0,80.0,0.0,1.0,10.0,7.0,8.0,10.0,21.0,0.0,22/2,7.0
2024,Rajasthan Royals,Shubham Dubey,58000000,4.0,33.0,173.68,3.0,2.0,25.0,,,,,,,
2024,Delhi Capitals,Jhye Richardson,50000000,1.0,2.0,100.0,0.0,0.0,2.0,,,,,,,
2024,Mumbai Indians,Gerald Coetzee,50000000,10.0,14.0,63.63,0.0,1.0,8.0,10.0,13.0,10.17,33.3,0.0,34/4,10.0
2024,Royal Challengers Bengaluru,Yash  Dayal,50000000,,,,,,,,,,,,,
2024,Mumbai Indians,Nuwan Thushara,48000000,,,,,,,7.0,8.0,9.88,26.0,0.0,28/3,7.0
2024,Mumbai Indians,Dilshan Madushanka,46000000,,,,,,,,,,,,,
2024,Punjab Kings,Chris Woakes,42000000,,,,,,,,,,,,,
2024,Chennai Super Kings,Shardul Thakur,40000000,9.0,21.0,123.52,2.0,1.0,17.0,9.0,5.0,9.75,31.4,0.0,61/2,9.0
2024,Delhi Capitals,Harry Brook,40000000,,,,,,,,,,,,,
2024,Gujarat Titans,Robin Minz,36000000,,,,,,,,,,,,,
2024,Lucknow Super Giants,M. Siddharth,24000000,,,,,,,,,,,,,
2024,Gujarat Titans,Sushant Mishra,22000000,,,,,,,,,,,,,
2024,Chennai Super Kings,Mustafizur Rahman,20000000,,,,,,,9.0,14.0,9.26,34.2,1.0,29/4,9.0
2024,Kolkata Knight Riders,Mujeeb Rahman,20000000,,,,,,,,,,,,,
2024,Lucknow Super Giants,David Willey,20000000,,,,,,,,,,,,,
2024,Royal Challengers Bengaluru,Lockie Ferguson,20000000,7.0,1.0,100.0,0.0,0.0,1.0,7.0,9.0,10.62,24.0,0.0,23/2,7.0
2024,Chennai Super Kings,Rachin Ravindra,18000000,10.0,222.0,160.86,22.0,12.0,61.0,,,,,,,
2024,Sunrisers Hyderabad,Jaydev Unadkat,16000000,11.0,24.0,92.3,2.0,1.0,8.0,11.0,8.0,10.23,31.1,0.0,30/3,11.0
2024,Kolkata Knight Riders,Sherfane Rutherford,15000000,,,,,,,,,,,,,
2024,Mumbai Indians,Mohammad Nabi,15000000,7.0,35.0,112.9,2.0,2.0,23.0,7.0,2.0,8.83,12.2,0.0,16/1,6.0
2024,Royal Challengers Bengaluru,Tom Curran,15000000,,,,,,,,,,,,,
2024,Sunrisers Hyderabad,Wanindu Hasaranga,15000000,,,,,,,,,,,,,
2024,Delhi Capitals,Sumit Kumar,10000000,4.0,18.0,75.0,2.0,1.0,9.0,,,,,,,
2024,Kolkata Knight Riders,Gus Atkinson,10000000,,,,,,,,,,,,,
2024,Lucknow Super Giants,Ashton Turner,10000000,2.0,21.0,116.66,0.0,2.0,16.0,,,,,,,
2024,Delhi Capitals,Shai Hope,7500000,9.0,183.0,150.0,12.0,12.0,41.0,,,,,,,
2024,Gujarat Titans,Kartik Tyagi,6000000,,,,,,,,,,,,,
2024,Delhi Capitals,Tristan Stubbs,5000000,14.0,378.0,190.9,24.0,26.0,71.0,14.0,3.0,7.5,2.0,0.0,11/2,2.0
2024,Gujarat Titans,Azmatullah Omarzai,5000000,7.0,42.0,127.27,2.0,2.0,17.0,7.0,4.0,8.85,21.0,0.0,27/2,7.0
2024,Kolkata Knight Riders,Manish Pandey,5000000,1.0,42.0,135.48,2.0,2.0,42.0,,,,,,,
2024,Kolkata Knight Riders,K.S. Bharat,5000000,,,,,,,,,,,,,
2024,Kolkata Knight Riders,Chetan Sakariya,5000000,,,,,,,,,,,,,
2024,Rajasthan Royals,Nandre Burger,5000000,,,,,,,6.0,7.0,8.52,17.0,0.0,29/2,5.0
2024,Rajasthan Royals,Tom Kohler-Cadmore,4000000,,,,,,,,,,,,,
2024,Chennai Super Kings,Avanish Rao Aravelly,2000000,,,,,,,,,,,,,
2024,Delhi Capitals,Ricky Bhui,2000000,2.0,3.0,33.33,0.0,0.0,3.0,,,,,,,
2024,Delhi Capitals,Swastik Chhikara,2000000,,,,,,,,,,,,,
2024,Delhi Capitals,Rasikh Dar,2000000,,,,,,,,,,,,,
2024,Gujarat Titans,Manav Suthar,2000000,1.0,1.0,50.0,0.0,0.0,1.0,,,,,,,
2024,Kolkata Knight Riders,Angkrish Raghuvanshi,2000000,10.0,163.0,155.23,16.0,8.0,54.0,,,,,,,
2024,Kolkata Knight Riders,Ramandeep  Singh,2000000,,,,,,,,,,,,,
2024,Kolkata Knight Riders,Sakib Hussain,2000000,,,,,,,,,,,,,
2024,Lucknow Super Giants,Arshin Kulkarni,2000000,,,,,,,,,,,,,
2024,Lucknow Super Giants,Mohd. Arshad Khan,2000000,,,,,,,,,,,,,
2024,Mumbai Indians,Shreyas Gopal,2000000,,,,,,,3.0,3.0,9.57,7.0,0.0,9/1,3.0
2024,Mumbai Indians,Shivalik Sharma,2000000,,,,,,,,,,,,,
2024,Mumbai Indians,Anshul Kamboj,2000000,3.0,2.0,100.0,0.0,0.0,2.0,3.0,2.0,11.4,10.0,0.0,24/1,3.0
2024,Mumbai Indians,Naman Dhir,2000000,7.0,140.0,177.21,12.0,10.0,62.0,,,,,,,
2024,Punjab Kings,Tanay Thyagarajann,2000000,,,,,,,,,,,,,
2024,Punjab Kings,Vishwanath Pratap Singh,2000000,,,,,,,,,,,,,
2024,Punjab Kings,Ashutosh Sharma,2000000,11.0,189.0,167.25,10.0,15.0,61.0,,,,,,,
2024,Punjab Kings,Shashank  Singh,2000000,,,,,,,,,,,,,
2024,Punjab Kings,Prince Choudhary,2000000,,,,,,,,,,,,,
2024,Rajasthan Royals,Abid Mushtaq,2000000,,,,,,,,,,,,,
2024,Royal Challengers Bengaluru,Saurav Chuahan,2000000,,,,,,,,,,,,,
2024,Royal Challengers Bengaluru,Swapnil Singh,2000000,7.0,37.0,176.19,3.0,3.0,15.0,7.0,6.0,8.86,15.0,0.0,28/2,7.0
2024,Sunrisers Hyderabad,Jhathavedh Subramanyan,2000000,,,,,,,,,,,,,
2024,Sunrisers Hyderabad,Akash Singh,2000000,,,,,,,,,,,,,
2023,Punjab Kings,Sam Curran,185000000,14.0,276.0,135.96,20.0,13.0,55.0,14.0,10.0,10.22,47.5,0.0,31/3,14.0
2023,Mumbai Indians,Cameron Green,175000000,16.0,452.0,160.28,40.0,22.0,100.0,16.0,6.0,9.5,38.0,0.0,41/2,16.0
2023,Chennai Super Kings,Ben Stokes,162500000,2.0,15.0,107.14,2.0,0.0,8.0,,,,,,,
2023,Lucknow Super Giants,Nicholas Pooran,160000000,15.0,358.0,172.94,26.0,26.0,62.0,,,,,,,
2023,Sunrisers Hyderabad,Harry Brook,132500000,11.0,190.0,123.37,23.0,4.0,100.0,,,,,,,
2023,Sunrisers Hyderabad,Mayank Agarwal,82500000,10.0,270.0,128.57,29.0,6.0,83.0,,,,,,,
2023,Gujarat Titans,Shivam Mavi,60000000,,,,,,,,,,,,,
2023,Rajasthan Royals,Jason Holder,57500000,8.0,12.0,109.09,0.0,1.0,11.0,8.0,4.0,9.96,28.3,0.0,29/2,8.0
2023,Delhi Capitals,Mukesh Kumar,55000000,10.0,7.0,77.77,0.0,0.0,6.0,10.0,7.0,10.51,31.0,0.0,30/2,10.0
2023,Sunrisers Hyderabad,Heinrich Klaasen,52500000,12.0,448.0,177.07,32.0,25.0,104.0,,,,,,,
2023,Delhi Capitals,Rilee Rossouw,46000000,9.0,209.0,148.22,17.0,11.0,82.0,,,,,,,
2023,Gujarat Titans,Joshua Little,44000000,,,,,,,,,,,,,
2023,Royal Challengers Bangalore,Will Jacks,32000000,,,,,,,,,,,,,
2023,Sunrisers Hyderabad,Vivrant Sharma,26000000,3.0,69.0,146.8,9.0,2.0,69.0,,,,,,,
2023,Delhi Capitals,Manish Pandey,24000000,10.0,160.0,109.58,15.0,3.0,50.0,,,,,,,
2023,Delhi Capitals,Phil Salt,20000000,9.0,218.0,163.9,24.0,10.0,87.0,,,,,,,
2023,Gujarat Titans,Kane Williamson,20000000,,,,,,,,,,,,,
2023,Sunrisers Hyderabad,Adil Rashid,20000000,2.0,22.0,137.5,2.0,1.0,18.0,2.0,2.0,8.0,7.0,0.0,23/2,2.0
2023,Royal Challengers Bangalore,Reece Topley,19000000,,,,,,,1.0,1.0,7.0,2.0,0.0,14/1,1.0
2023,Sunrisers Hyderabad,Mayank Dagar,18000000,,,,,,,3.0,1.0,7.54,11.0,0.0,37/1,3.0
2023,Kolkata Knight Riders,Shakib Al Hasan,15000000,,,,,,,,,,,,,
2023,Mumbai Indians,Jhye Richardson,15000000,,,,,,,,,,,,,
2023,Rajasthan Royals,Adam Zampa,15000000,6.0,10.0,62.5,0.0,0.0,7.0,6.0,8.0,8.54,22.0,0.0,22/3,6.0
2023,Gujarat Titans,K.S. Bharat,12000000,,,,,,,,,,,,,
2023,Chennai Super Kings,Kyle Jamieson,10000000,,,,,,,,,,,,,
2023,Kolkata Knight Riders,David Wiese,10000000,3.0,21.0,190.9,0.0,3.0,12.0,,,,,,,
2023,Rajasthan Royals,Joe Root,10000000,3.0,10.0,66.66,1.0,0.0,10.0,,,,,,,
2023,Sunrisers Hyderabad,Akeal Hosein,10000000,1.0,16.0,160.0,1.0,1.0,16.0,1.0,1.0,10.0,4.0,0.0,40/1,1.0
2023,Kolkata Knight Riders,N. Jagadeesan,9000000,,,,,,,,,,,,,
2023,Lucknow Super Giants,Daniel Sams,7500000,,,,,,,,,,,,,
2023,Royal Challengers Bangalore,Rajan Kumar,7000000,,,,,,,,,,,,,
2023,Chennai Super Kings,Nishant Sindhu,6000000,,,,,,,,,,,,,
2023,Kolkata Knight Riders,Vaibhav Arora,6000000,5.0,3.0,150.0,0.0,0.0,2.0,5.0,5.0,9.12,16.0,0.0,30/2,5.0
2023,Royal Challengers Bangalore,Avinash Singh,6000000,,,,,,,,,,,,,
2023,Chennai Super Kings,Ajinkya Rahane,5000000,14.0,326.0,172.48,24.0,16.0,71.0,,,,,,,
2023,Delhi Capitals,Ishant Sharma,5000000,8.0,1.0,100.0,0.0,0.0,1.0,8.0,10.0,8.24,25.0,0.0,19/2,8.0
2023,Gujarat Titans,Mohit Sharma,5000000,,,,,,,14.0,27.0,8.17,44.1,0.0,10/5,14.0
2023,Gujarat Titans,Odean Smith,5000000,,,,,,,,,,,,,
2023,Kolkata Knight Riders,Mandeep Singh,5000000,3.0,14.0,87.5,0.0,1.0,12.0,,,,,,,
2023,Kolkata Knight Riders,Litton Das,5000000,1.0,4.0,100.0,1.0,0.0,4.0,,,,,,,
2023,Lucknow Super Giants,Amit Mishra,5000000,7.0,19.0,63.33,2.0,0.0,19.0,7.0,7.0,7.84,19.0,0.0,21/2,7.0
2023,Lucknow Super Giants,Romario Shepherd,5000000,,,,,,,,,,,,,
2023,Lucknow Super Giants,Naveen Ul Haq,5000000,,,,,,,,,,,,,
2023,Lucknow Super Giants,Jaydev Unadkat,5000000,3.0,9.0,128.57,1.0,0.0,9.0,,,,,,,
2023,Mumbai Indians,Piyush Chawla,5000000,16.0,25.0,113.63,1.0,1.0,18.0,16.0,22.0,8.11,61.0,0.0,22/3,16.0
2023,Punjab Kings,Sikandar Raza,5000000,7.0,139.0,141.83,10.0,6.0,57.0,7.0,3.0,9.91,12.0,0.0,19/1,6.0
2023,Rajasthan Royals,Donovan Ferreira,5000000,,,,,,,,,,,,,
2023,Sunrisers Hyderabad,Mayank Markande,5000000,10.0,21.0,161.53,2.0,1.0,18.0,10.0,12.0,7.89,38.0,0.0,15/4,10.0
2023,Lucknow Super Giants,Yash Thakur,4500000,,,,,,,9.0,13.0,9.07,31.5,0.0,37/4,9.0
2023,Punjab Kings,Harpreet Bhatia,4000000,3.0,76.0,128.81,8.0,3.0,41.0,,,,,,,
2023,Rajasthan Royals,K.M. Asif,3000000,,,,,,,,,,,,,
2023,Sunrisers Hyderabad,Upendra Singh Yadav,2500000,,,,,,,,,,,,,
2023,Chennai Super Kings,Bhagath Varma,2000000,,,,,,,,,,,,,
2023,Chennai Super Kings,Ajay Mandal,2000000,,,,,,,,,,,,,
2023,Chennai Super Kings,Shaik Rasheed,2000000,,,,,,,,,,,,,
2023,Gujarat Titans,Urvil Patel,2000000,,,,,,,,,,,,,
2023,Kolkata Knight Riders,Kulwant Khejroliya,2000000,,,,,,,2.0,2.0,14.76,4.2,0.0,44/2,2.0
2023,Kolkata Knight Riders,Suyash Sharma,2000000,,,,,,,11.0,10.0,8.23,39.0,0.0,30/3,11.0
2023,Lucknow Super Giants,Swapnil Singh,2000000,2.0,2.0,50.0,0.0,0.0,2.0,,,,,,,
2023,Lucknow Super Giants,Yudhvir Charak,2000000,,,,,,,,,,,,,
2023,Lucknow Super Giants,Prerak Mankad,2000000,5.0,93.0,129.16,12.0,2.0,64.0,,,,,,,
2023,Mumbai Indians,Nehal Wadhera,2000000,,,,,,,,,,,,,
2023,Mumbai Indians,Raghav Goyal,2000000,,,,,,,,,,,,,
2023,Mumbai Indians,Vishnu Vinod,2000000,3.0,37.0,119.35,2.0,2.0,30.0,,,,,,,
2023,Mumbai Indians,Duan Jansen,2000000,,,,,,,1.0,1.0,13.25,4.0,0.0,53/1,1.0
2023,Mumbai Indians,Shams Mulani,2000000,,,,,,,,,,,,,
2023,Punjab Kings,Shivam Singh,2000000,,,,,,,,,,,,,
2023,Punjab Kings,Vidwath Kaverappa,2000000,,,,,,,,,,,,,
2023,Punjab Kings,Mohit Rathee,2000000,1.0,1.0,50.0,0.0,0.0,1.0,,,,,,,
2023,Rajasthan Royals,Abdul P A,2000000,,,,,,,,,,,,,
2023,Rajasthan Royals,Akash Vashisht,2000000,,,,,,,,,,,,,
2023,Rajasthan Royals,Kunal Rathore,2000000,,,,,,,,,,,,,
2023,Rajasthan Royals,Murugan Ashwin,2000000,,,,,,,,,,,,,
2023,Royal Challengers Bangalore,Sonu Yadav,2000000,,,,,,,,,,,,,
2023,Royal Challengers Bangalore,Himanshu Sharma,2000000,,,,,,,,,,,,,
2023,Royal Challengers Bangalore,Manoj Bhandage,2000000,,,,,,,,,,,,,
2023,Sunrisers Hyderabad,Sanvir Singh,2000000,2.0,11.0,122.22,1.0,1.0,7.0,,,,,,,
2023,Sunrisers Hyderabad,Anmolpreet Singh,2000000,4.0,105.0,128.04,15.0,2.0,36.0,,,,,,,
2023,Sunrisers Hyderabad,Samarth Vyas,2000000,,,,,,,,,,,,,
2023,Sunrisers Hyderabad,Nitish Kumar Reddy,2000000,,,,,,,,,,,,,
2022,Mumbai Indians,Ishan Kishan,152500000,14.0,418.0,120.11,45.0,11.0,81.0,,,,,,,
2022,Chennai Super Kings,Deepak Chahar,140000000,,,,,,,,,,,,,
2022,Kolkata Knight Riders,Shreyas Iyer,122500000,14.0,401.0,134.56,41.0,11.0,85.0,,,,,,,
2022,Punjab Kings,Liam Livingstone,115000000,14.0,437.0,182.08,29.0,34.0,70.0,14.0,6.0,8.78,23.0,0.0,27/3,12.0
2022,Delhi Capitals,Shardul Thakur,107500000,14.0,120.0,137.93,7.0,7.0,29.0,14.0,15.0,9.78,48.2,1.0,36/4,14.0
2022,Royal Challengers Bangalore,Wanindu Hasaranga,107500000,16.0,38.0,88.37,4.0,1.0,18.0,16.0,26.0,7.54,57.0,1.0,18/5,16.0
2022,Royal Challengers Bangalore,Harshal Patel,107500000,15.0,43.0,110.25,4.0,2.0,11.0,15.0,19.0,7.66,53.3,2.0,34/4,15.0
2022,Sunrisers Hyderabad,Nicholas Pooran,107500000,14.0,306.0,144.33,16.0,21.0,64.0,,,,,,,
2022,Gujarat Titans,Lockie Ferguson,100000000,13.0,5.0,125.0,1.0,0.0,5.0,13.0,12.0,8.95,47.4,0.0,28/4,13.0
2022,Lucknow Super Giants,Avesh Khan,100000000,13.0,22.0,169.23,0.0,3.0,12.0,13.0,18.0,8.72,47.4,1.0,24/4,13.0
2022,Rajasthan Royals,Prasidh Krishna,100000000,17.0,6.0,50.0,0.0,0.0,4.0,17.0,19.0,8.28,66.3,3.0,22/3,17.0
2022,Punjab Kings,Kagiso Rabada,92500000,13.0,48.0,111.62,5.0,2.0,25.0,13.0,23.0,8.45,48.0,0.0,33/4,13.0
2022,Gujarat Titans,Rahul Tewatia,90000000,16.0,217.0,147.61,22.0,9.0,43.0,,,,,,,
2022,Punjab Kings,Shahrukh Khan,90000000,8.0,117.0,108.33,4.0,9.0,26.0,,,,,,,
2022,Lucknow Super Giants,Jason Holder,87500000,12.0,58.0,131.81,2.0,6.0,16.0,12.0,14.0,9.42,41.3,0.0,31/3,12.0
2022,Sunrisers Hyderabad,Washington Sundar,87500000,9.0,101.0,146.37,9.0,3.0,40.0,9.0,6.0,8.53,28.0,0.0,21/2,8.0
2022,Rajasthan Royals,Shimron Hetmyer,85000000,15.0,314.0,153.92,21.0,21.0,59.0,,,,,,,
2022,Sunrisers Hyderabad,Rahul Tripathi,85000000,14.0,413.0,158.23,40.0,20.0,76.0,,,,,,,
2022,Lucknow Super Giants,Krunal Pandya,82500000,14.0,183.0,126.2,16.0,4.0,42.0,14.0,10.0,6.97,38.0,1.0,19/3,12.0
2022,Mumbai Indians,Tim David,82500000,8.0,186.0,216.27,12.0,16.0,46.0,,,,,,,
2022,Punjab Kings,Shikhar Dhawan,82500000,14.0,460.0,122.66,47.0,12.0,88.0,,,,,,,
2022,Kolkata Knight Riders,Nitish Rana,80000000,14.0,361.0,143.82,29.0,22.0,57.0,,,,,,,
2022,Mumbai Indians,Jofra Archer,80000000,,,,,,,,,,,,,
2022,Rajasthan Royals,Trent Boult,80000000,16.0,40.0,137.93,2.0,1.0,17.0,16.0,16.0,7.93,62.0,3.0,18/2,16.0
2022,Rajasthan Royals,Devdutt Padikkal,77500000,17.0,376.0,122.87,40.0,14.0,54.0,,,,,,,
2022,Royal Challengers Bangalore,Josh Hazlewood,77500000,12.0,18.0,69.23,1.0,0.0,7.0,12.0,20.0,8.1,46.3,1.0,25/4,12.0
2022,Sunrisers Hyderabad,Romario Shepherd,77500000,3.0,58.0,141.46,2.0,5.0,26.0,3.0,3.0,10.88,9.0,0.0,42/2,3.0
2022,Lucknow Super Giants,Mark Wood,75000000,,,,,,,,,,,,,
2022,Kolkata Knight Riders,Pat Cummins,72500000,5.0,63.0,262.5,5.0,6.0,56.0,5.0,7.0,10.68,19.5,0.0,22/3,5.0
2022,Kolkata Knight Riders,Shivam  Mavi,72500000,,,,,,,,,,,,,
2022,Royal Challengers Bangalore,Faf Du Plessis,70000000,16.0,468.0,127.52,49.0,13.0,96.0,,,,,,,
2022,Chennai Super Kings,Ambati Rayudu,67500000,13.0,274.0,122.32,25.0,15.0,78.0,,,,,,,
2022,Lucknow Super Giants,Quinton De Kock,67500000,15.0,508.0,148.97,47.0,23.0,140.0,,,,,,,
2022,Punjab Kings,Jonny Bairstow,67500000,11.0,253.0,144.57,34.0,9.0,66.0,,,,,,,
2022,Delhi Capitals,Mitchell Marsh,65000000,8.0,251.0,132.8,19.0,14.0,89.0,8.0,4.0,8.5,12.0,0.0,25/2,4.0
2022,Rajasthan Royals,Yuzvendra Chahal,65000000,17.0,5.0,62.5,0.0,0.0,5.0,17.0,27.0,7.75,68.0,0.0,40/5,17.0
2022,Sunrisers Hyderabad,Abhishek Sharma,65000000,14.0,426.0,133.12,47.0,13.0,75.0,,,,,,,
2022,Delhi Capitals,David Warner,62500000,12.0,432.0,150.52,52.0,15.0,92.0,,,,,,,
2022,Gujarat Titans,Mohammad Shami,62500000,,,,,,,16.0,20.0,8.0,61.0,0.0,25/3,16.0
2022,Punjab Kings,Odean Smith,60000000,6.0,51.0,115.9,1.0,5.0,25.0,6.0,6.0,11.86,15.0,0.0,30/4,6.0
2022,Lucknow Super Giants,Deepak Hooda,57500000,15.0,451.0,136.66,36.0,18.0,59.0,15.0,1.0,10.75,4.0,0.0,31/1,2.0
2022,Royal Challengers Bangalore,Dinesh  Karthik,55000000,,,,,,,,,,,,,
2022,Delhi Capitals,Syed Khaleel Ahmed,52500000,,,,,,,,,,,,,
2022,Punjab Kings,Rahul Chahar,52500000,13.0,77.0,113.23,7.0,4.0,25.0,13.0,14.0,7.71,46.4,1.0,25/3,13.0
2022,Rajasthan Royals,R. Ashwin,50000000,,,,,,,,,,,,,
2022,Lucknow Super Giants,Manish Pandey,46000000,6.0,88.0,110.0,9.0,2.0,38.0,,,,,,,
2022,Chennai Super Kings,Dwayne Bravo,44000000,10.0,23.0,95.83,1.0,1.0,12.0,10.0,16.0,8.7,34.2,1.0,20/3,10.0
2022,Delhi Capitals,Chetan Sakariya,42000000,,,,,,,3.0,3.0,7.63,11.0,0.0,23/2,3.0
2022,Sunrisers Hyderabad,Bhuvneshwar Kumar,42000000,14.0,24.0,92.3,3.0,0.0,8.0,14.0,12.0,7.34,52.1,2.0,22/3,14.0
2022,Sunrisers Hyderabad,Marco Jansen,42000000,8.0,9.0,128.57,0.0,1.0,8.0,8.0,7.0,8.56,32.0,0.0,25/3,8.0
2022,Chennai Super Kings,Shivam Dube,40000000,11.0,289.0,156.21,22.0,16.0,95.0,,,,,,,
2022,Sunrisers Hyderabad,T. Natarajan,40000000,,,,,,,,,,,,,
2022,Sunrisers Hyderabad,Kartik Tyagi,40000000,2.0,7.0,116.66,1.0,0.0,7.0,2.0,1.0,9.87,8.0,0.0,42/1,2.0
2022,Punjab Kings,Harpreet  Brar,38000000,,,,,,,,,,,,,
2022,Rajasthan Royals,Riyan Parag,38000000,17.0,183.0,138.63,11.0,10.0,56.0,17.0,1.0,14.75,4.0,0.0,12/1,4.0
2022,Chennai Super Kings,Chris Jordan,36000000,4.0,11.0,137.5,0.0,0.0,6.0,4.0,2.0,10.51,12.5,0.0,23/2,4.0
2022,Royal Challengers Bangalore,Anuj Rawat,34000000,8.0,129.0,109.32,10.0,7.0,66.0,,,,,,,
2022,Gujarat Titans,Yash  Dayal,32000000,,,,,,,,,,,,,
2022,Gujarat Titans,David Miller,30000000,16.0,481.0,142.72,32.0,23.0,94.0,,,,,,,
2022,Gujarat Titans,R. Sai Kishore,30000000,,,,,,,,,,,,,
2022,Mumbai Indians,Dewald Brevis,30000000,7.0,161.0,142.47,14.0,11.0,49.0,7.0,1.0,16.0,0.3,0.0,8/1,1.0
2022,Delhi Capitals,Rovman Powell,28000000,14.0,250.0,149.7,10.0,22.0,67.0,,,,,,,
2022,Gujarat Titans,Abhinav Sadarangani,26000000,,,,,,,,,,,,,
2022,Mumbai Indians,Daniel Sams,26000000,11.0,38.0,105.55,1.0,3.0,15.0,11.0,13.0,8.8,42.0,0.0,30/4,11.0
2022,Rajasthan Royals,Navdeep Saini,26000000,2.0,2.0,100.0,0.0,0.0,2.0,2.0,3.0,12.0,6.0,0.0,36/2,2.0
2022,Sunrisers Hyderabad,Aiden Markram,26000000,14.0,381.0,139.05,25.0,19.0,68.0,14.0,1.0,10.66,6.0,0.0,8/1,4.0
2022,Gujarat Titans,Matthew Wade,24000000,10.0,157.0,113.76,23.0,2.0,35.0,,,,,,,
2022,Gujarat Titans,Alzarri Joseph,24000000,9.0,5.0,71.42,0.0,0.0,4.0,9.0,7.0,8.8,30.0,0.0,34/2,9.0
2022,Royal Challengers Bangalore,Shahbaz Ahamad,24000000,,,,,,,,,,,,,
2022,Sunrisers Hyderabad,Sean Abbott,24000000,1.0,7.0,140.0,0.0,1.0,7.0,1.0,1.0,11.75,4.0,0.0,47/1,1.0
2022,Chennai Super Kings,Robin Uthappa,20000000,12.0,230.0,134.5,19.0,14.0,88.0,,,,,,,
2022,Delhi Capitals,Mustafizur Rahman,20000000,8.0,3.0,60.0,0.0,0.0,3.0,8.0,8.0,7.62,32.0,0.0,18/3,8.0
2022,Delhi Capitals,Kuldeep Yadav,20000000,14.0,48.0,92.3,3.0,2.0,16.0,14.0,21.0,8.43,49.4,0.0,14/4,14.0
2022,Delhi Capitals,K.S. Bharat,20000000,,,,,,,,,,,,,
2022,Gujarat Titans,Jason Roy,20000000,,,,,,,,,,,,,
2022,Kolkata Knight Riders,Sam Billings,20000000,8.0,169.0,122.46,9.0,10.0,36.0,,,,,,,
2022,Kolkata Knight Riders,Umesh Yadav,20000000,12.0,55.0,137.5,4.0,4.0,21.0,12.0,16.0,7.06,48.0,2.0,23/4,12.0
2022,Lucknow Super Giants,Dushmanta Chameera,20000000,,,,,,,,,,,,,
2022,Lucknow Super Giants,Evin Lewis,20000000,6.0,73.0,130.35,8.0,3.0,55.0,,,,,,,
2022,Punjab Kings,Raj Angad Bawa,20000000,,,,,,,,,,,,,
2022,Punjab Kings,Vaibhav Arora,20000000,5.0,5.0,38.46,0.0,0.0,2.0,5.0,3.0,9.19,17.5,0.0,21/2,5.0
2022,Rajasthan Royals,Nathan Coulter-Nile,20000000,1.0,1.0,50.0,0.0,0.0,1.0,,,,,,,
2022,Royal Challengers Bangalore,David Willey,20000000,4.0,18.0,60.0,3.0,0.0,18.0,4.0,1.0,6.54,11.0,0.0,29/1,4.0
2022,Chennai Super Kings,Mitchell Santner,19000000,6.0,22.0,81.48,3.0,0.0,11.0,6.0,4.0,6.84,19.0,0.0,15/1,6.0
2022,Chennai Super Kings,Adam Milne,19000000,,,,,,,,,,,,,
2022,Gujarat Titans,Wriddhiman  Saha,19000000,,,,,,,,,,,,,
2022,Gujarat Titans,Jayant Yadav,17000000,,,,,,,,,,,,,
2022,Mumbai Indians,N. Tilak Varma,17000000,,,,,,,,,,,,,
2022,Mumbai Indians,Murugan Ashwin,16000000,8.0,12.0,85.71,1.0,1.0,6.0,8.0,9.0,7.86,29.0,0.0,14/2,8.0
2022,Chennai Super Kings,Rajvardhan Hangargekar,15000000,,,,,,,,,,,,,
2022,Kolkata Knight Riders,Alex Hales,15000000,,,,,,,,,,,,,
2022,Kolkata Knight Riders,Tim Southee,15000000,9.0,2.0,16.66,0.0,0.0,1.0,9.0,14.0,7.85,35.0,0.0,20/3,9.0
2022,Mumbai Indians,Tymal Mills,15000000,,,,,,,5.0,6.0,11.17,17.0,0.0,35/3,5.0
2022,Rajasthan Royals,James Neesham,15000000,2.0,31.0,114.81,3.0,0.0,17.0,,,,,,,
2022,Sunrisers Hyderabad,Glenn Phillips,15000000,,,,,,,,,,,,,
2022,Gujarat Titans,Vijay Shankar,14000000,4.0,19.0,54.28,1.0,0.0,13.0,,,,,,,
2022,Rajasthan Royals,Karun Nair,14000000,3.0,16.0,88.88,1.0,0.0,13.0,,,,,,,
2022,Mumbai Indians,Jaydev Unadkat,13000000,5.0,59.0,159.45,4.0,3.0,19.0,5.0,6.0,9.5,20.0,0.0,32/2,5.0
2022,Chennai Super Kings,Prashant Solanki,12000000,,,,,,,2.0,2.0,6.33,6.0,0.0,20/2,2.0
2022,Delhi Capitals,Kamlesh Nagarkoti,11000000,,,,,,,,,,,,,
2022,Delhi Capitals,Mandeep Singh,11000000,3.0,18.0,78.26,4.0,0.0,18.0,,,,,,,
2022,Gujarat Titans,Dominic Drakes,11000000,,,,,,,,,,,,,
2022,Chennai Super Kings,Devon Conway,10000000,7.0,252.0,145.66,22.0,12.0,87.0,,,,,,,
2022,Kolkata Knight Riders,Mohammad  Nabi,10000000,,,,,,,,,,,,,
2022,Kolkata Knight Riders,Ajinkya Rahane,10000000,7.0,133.0,103.9,14.0,4.0,44.0,,,,,,,
2022,Mumbai Indians,Riley Meredith,10000000,,,,,,,8.0,8.0,8.42,28.0,0.0,24/2,8.0
2022,Rajasthan Royals,Rassie Van Der Dussen,10000000,,,,,,,,,,,,,
2022,Royal Challengers Bangalore,Sherfane Rutherford,10000000,3.0,33.0,66.0,1.0,1.0,28.0,,,,,,,
2022,Royal Challengers Bangalore,Mahipal Lomror,9500000,7.0,86.0,150.87,7.0,4.0,42.0,,,,,,,
2022,Lucknow Super Giants,K. Gowtham,9000000,,,,,,,,,,,,,
2022,Royal Challengers Bangalore,Finn Allen,8000000,,,,,,,,,,,,,
2022,Mumbai Indians,Fabian Allen,7500000,1.0,8.0,114.28,1.0,0.0,8.0,1.0,1.0,11.5,4.0,0.0,46/1,1.0
2022,Punjab Kings,Nathan Ellis,7500000,,,,,,,2.0,3.0,9.16,6.0,0.0,40/3,2.0
2022,Rajasthan Royals,Daryl Mitchell,7500000,2.0,33.0,75.0,1.0,0.0,17.0,,,,,,,
2022,Rajasthan Royals,Obed Mccoy,7500000,,,,,,,,,,,,,
2022,Royal Challengers Bangalore,Jason Behrendorff,7500000,,,,,,,,,,,,,
2022,Royal Challengers Bangalore,Siddharth  Kaul,7500000,,,,,,,,,,,,,
2022,Sunrisers Hyderabad,Shreyas Gopal,7500000,1.0,9.0,128.57,2.0,0.0,9.0,1.0,1.0,11.33,3.0,0.0,34/1,1.0
2022,Chennai Super Kings,Maheesh Theekshana,7000000,9.0,7.0,100.0,0.0,1.0,7.0,9.0,12.0,7.45,35.0,0.0,33/4,9.0
2022,Delhi Capitals,Lalit Yadav,6500000,12.0,161.0,110.27,11.0,7.0,48.0,12.0,4.0,8.33,18.0,0.0,11/2,8.0
2022,Mumbai Indians,Mayank Markande,6500000,,,,,,,2.0,1.0,8.14,7.0,0.0,26/1,2.0
2022,Kolkata Knight Riders,Sheldon Jackson,6000000,5.0,23.0,88.46,0.0,1.0,8.0,,,,,,,
2022,Punjab Kings,Prabhsimran Singh,6000000,,,,,,,,,,,,,
2022,Kolkata Knight Riders,Rinku Singh,5500000,7.0,174.0,148.71,17.0,7.0,42.0,,,,,,,
2022,Kolkata Knight Riders,Ashok Sharma,5500000,,,,,,,,,,,,,
2022,Punjab Kings,Rishi Dhawan,5500000,6.0,37.0,92.5,4.0,2.0,21.0,6.0,6.0,8.21,19.0,0.0,36/2,6.0
2022,Chennai Super Kings,Dwaine Pretorius,5000000,6.0,44.0,157.14,3.0,3.0,22.0,6.0,6.0,10.0,21.0,0.0,30/2,6.0
2022,Delhi Capitals,Lungisani Ngidi,5000000,,,,,,,,,,,,,
2022,Delhi Capitals,Yash Dhull,5000000,,,,,,,,,,,,,
2022,Delhi Capitals,Tim Seifert,5000000,2.0,24.0,126.31,4.0,0.0,21.0,,,,,,,
2022,Delhi Capitals,Pravin Dubey,5000000,,,,,,,,,,,,,
2022,Gujarat Titans,Gurkeerat Singh,5000000,,,,,,,,,,,,,
2022,Gujarat Titans,Varun Aaron,5000000,,,,,,,2.0,2.0,10.4,5.0,0.0,45/2,2.0
2022,Kolkata Knight Riders,Chamika Karunaratne,5000000,,,,,,,,,,,,,
2022,Lucknow Super Giants,Ankit Singh Rajpoot,5000000,,,,,,,,,,,,,
2022,Lucknow Super Giants,Shahbaz Nadeem,5000000,,,,,,,,,,,,,
2022,Lucknow Super Giants,Kyle Mayers,5000000,,,,,,,,,,,,,
2022,Mumbai Indians,Sanjay Yadav,5000000,,,,,,,,,,,,,
2022,Punjab Kings,Sandeep Sharma,5000000,,,,,,,5.0,2.0,7.65,20.0,0.0,18/1,5.0
2022,Punjab Kings,Bhanuka Rajapaksa,5000000,9.0,206.0,159.68,16.0,13.0,43.0,,,,,,,
2022,Royal Challengers Bangalore,Karn Sharma,5000000,,,,,,,,,,,,,
2022,Sunrisers Hyderabad,Vishnu Vinod,5000000,,,,,,,,,,,,,
2022,Sunrisers Hyderabad,Fazalhaq Farooqi,5000000,3.0,2.0,25.0,0.0,0.0,2.0,3.0,2.0,9.16,12.0,0.0,32/2,3.0
2022,Kolkata Knight Riders,Abhijeet Tomar,4000000,1.0,4.0,50.0,1.0,0.0,4.0,,,,,,,
2022,Punjab Kings,Benny Howell,4000000,,,,,,,,,,,,,
2022,Gujarat Titans,Noor  Ahmad,3000000,,,,,,,,,,,,,
2022,Mumbai Indians,Basil Thampi,3000000,,,,,,,5.0,5.0,9.5,16.0,1.0,35/3,5.0
2022,Mumbai Indians,Arjun  Tendulkar,3000000,,,,,,,,,,,,,
2022,Rajasthan Royals,K.C Cariappa,3000000,,,,,,,,,,,,,
2022,Royal Challengers Bangalore,Suyash Prabhudessai,3000000,,,,,,,,,,,,,
2022,Punjab Kings,Ishan Porel,2500000,,,,,,,,,,,,,
2022,Royal Challengers Bangalore,Chama Milind,2500000,,,,,,,,,,,,,
2022,Chennai Super Kings,C.Hari Nishaanth,2000000,,,,,,,,,,,,,
2022,Chennai Super Kings,N. Jagadeesan,2000000,,,,,,,,,,,,,
2022,Chennai Super Kings,K.M. Asif,2000000,,,,,,,,,,,,,
2022,Chennai Super Kings,Tushar Deshpande,2000000,,,,,,,2.0,1.0,9.0,7.0,0.0,40/1,2.0
2022,Chennai Super Kings,Simarjeet Singh,2000000,6.0,7.0,87.5,0.0,0.0,3.0,6.0,4.0,7.66,18.0,0.0,27/2,6.0
2022,Chennai Super Kings,Subhranshu Senapati,2000000,,,,,,,,,,,,,
2022,Chennai Super Kings,Mukesh Choudhary,2000000,13.0,6.0,100.0,1.0,0.0,4.0,13.0,16.0,9.31,45.3,0.0,46/4,13.0
2022,Chennai Super Kings,K.Bhagath Varma,2000000,,,,,,,,,,,,,
2022,Delhi Capitals,Ashwin Hebbar,2000000,,,,,,,,,,,,,
2022,Delhi Capitals,Sarfaraz Khan,2000000,6.0,91.0,135.82,9.0,2.0,36.0,,,,,,,
2022,Delhi Capitals,Vicky Ostwal,2000000,,,,,,,,,,,,,
2022,Delhi Capitals,Ripal Patel,2000000,2.0,6.0,200.0,0.0,1.0,6.0,,,,,,,
2022,Gujarat Titans,Darshan Nalkande,2000000,,,,,,,2.0,2.0,11.41,5.1,0.0,37/2,2.0
2022,Gujarat Titans,B. Sai Sudharsan,2000000,,,,,,,,,,,,,
2022,Gujarat Titans,Pradeep Sangwan,2000000,3.0,2.0,40.0,0.0,0.0,2.0,3.0,3.0,7.22,9.0,0.0,19/2,3.0
2022,Kolkata Knight Riders,Anukul Roy,2000000,,,,,,,2.0,1.0,7.85,7.0,0.0,28/1,2.0
2022,Kolkata Knight Riders,Rasikh Dar,2000000,,,,,,,,,,,,,
2022,Kolkata Knight Riders,Baba Indrajith,2000000,,,,,,,,,,,,,
2022,Kolkata Knight Riders,Aman Khan,2000000,1.0,5.0,166.66,1.0,0.0,5.0,,,,,,,
2022,Kolkata Knight Riders,Ramesh Kumar,2000000,,,,,,,,,,,,,
2022,Kolkata Knight Riders,Pratham Singh,2000000,,,,,,,,,,,,,
2022,Lucknow Super Giants,Manan Vohra,2000000,2.0,19.0,172.72,1.0,2.0,19.0,,,,,,,
2022,Lucknow Super Giants,Mohsin Khan,2000000,9.0,23.0,143.75,2.0,1.0,13.0,9.0,14.0,5.96,33.0,2.0,16/4,9.0
2022,Lucknow Super Giants,Mayank Yadav,2000000,,,,,,,,,,,,,
2022,Lucknow Super Giants,Ayush Badoni,2000000,13.0,161.0,123.84,11.0,7.0,54.0,13.0,2.0,5.5,2.0,0.0,5/1,2.0
2022,Lucknow Super Giants,Karan Sharma,2000000,1.0,4.0,100.0,1.0,0.0,4.0,,,,,,,
2022,Mumbai Indians,Anmolpreet Singh,2000000,2.0,13.0,100.0,1.0,0.0,8.0,,,,,,,
2022,Mumbai Indians,Ramandeep  Singh,2000000,,,,,,,,,,,,,
2022,Mumbai Indians,Aryan Juyal,2000000,,,,,,,,,,,,,
2022,Mumbai Indians,Rahul Buddhi,2000000,,,,,,,,,,,,,
2022,Mumbai Indians,Hrithik Shokeen,2000000,5.0,43.0,89.58,5.0,0.0,25.0,5.0,2.0,8.46,15.0,0.0,47/2,5.0
2022,Mumbai Indians,Mohd. Arshad Khan,2000000,,,,,,,,,,,,,
2022,Punjab Kings,Jitesh Sharma,2000000,12.0,234.0,163.63,22.0,12.0,44.0,,,,,,,
2022,Punjab Kings,Prerak Mankad,2000000,1.0,4.0,400.0,1.0,0.0,4.0,,,,,,,
2022,Punjab Kings,Atharva Taide,2000000,,,,,,,,,,,,,
2022,Punjab Kings,Writtick Chatterjee,2000000,,,,,,,,,,,,,
2022,Punjab Kings,Baltej Dhanda,2000000,,,,,,,,,,,,,
2022,Punjab Kings,Ansh Patel,2000000,,,,,,,,,,,,,
2022,Rajasthan Royals,Kuldeep  Sen,2000000,,,,,,,,,,,,,
2022,Rajasthan Royals,Dhruv Jurel,2000000,,,,,,,,,,,,,
2022,Rajasthan Royals,Tejas Baroka,2000000,,,,,,,,,,,,,
2022,Rajasthan Royals,Kuldip Yadav,2000000,,,,,,,,,,,,,
2022,Rajasthan Royals,Shubham Garhwal,2000000,,,,,,,,,,,,,
2022,Rajasthan Royals,Anunay Singh,2000000,,,,,,,,,,,,,
2022,Royal Challengers Bangalore,Akash  Deep,2000000,,,,,,,,,,,,,
2022,Royal Challengers Bangalore,Luvnith Sisodia,2000000,,,,,,,,,,,,,
2022,Royal Challengers Bangalore,Aneeshwar Gautam,2000000,,,,,,,,,,,,,
2022,Sunrisers Hyderabad,Priyam  Garg,2000000,,,,,,,,,,,,,
2022,Sunrisers Hyderabad,Jagadeesha Suchith,2000000,5.0,2.0,25.0,0.0,0.0,2.0,5.0,7.0,7.77,18.0,0.0,12/2,5.0
2022,Sunrisers Hyderabad,R Samarth,2000000,,,,,,,,,,,,,
2022,Sunrisers Hyderabad,Shashank Singh,2000000,10.0,69.0,146.8,5.0,4.0,25.0,,,,,,,
2022,Sunrisers Hyderabad,Saurabh Dubey,2000000,,,,,,,,,,,,,
2021,Rajasthan Royals,Christopher Morris,162500000,,,,,,,,,,,,,
2021,Royal Challengers Bengaluru,Kyle Jamieson,150000000,9.0,65.0,118.18,5.0,3.0,16.0,9.0,9.0,9.6,28.0,0.0,3/41,9.0
2021,Royal Challengers Bengaluru,Glenn Maxwell,142500000,15.0,513.0,144.1,48.0,21.0,78.0,15.0,3.0,8.43,16.0,0.0,2/15,6.0
2021,Punjab Kings,Jhye Richardson,140000000,3.0,15.0,62.5,2.0,0.0,15.0,3.0,3.0,10.63,11.0,0.0,2/41,3.0
2021,Punjab Kings,Riley Meredith,80000000,,,,,,,5.0,4.0,9.94,17.0,0.0,1/29,5.0
2021,Delhi Capitals,Tom Curran,52500000,3.0,21.0,123.52,2.0,0.0,21.0,3.0,4.0,9.17,11.0,0.0,3/29,3.0
2021,Punjab Kings,Shahrukh Khan,52500000,11.0,153.0,134.21,9.0,10.0,47.0,,,,,,,
2021,Mumbai Indians,Nathan Coulter-Nile,50000000,5.0,4.0,80.0,0.0,0.0,3.0,5.0,7.0,6.35,20.0,0.0,4/14,5.0
2021,Royal Challengers Bengaluru,Dan Christian,48000000,9.0,14.0,58.33,1.0,0.0,9.0,9.0,4.0,9.3,16.0,0.0,2/10,9.0
2021,Rajasthan Royals,Shivam Dube,44000000,9.0,230.0,119.17,18.0,10.0,64.0,,,,,,,
2021,Punjab Kings,Moises Henriques,42000000,5.0,31.0,96.87,0.0,1.0,14.0,5.0,4.0,4.5,10.0,0.0,3/12,5.0
2021,Kolkata Knight Riders,Shakib Al Hasan,32000000,8.0,47.0,97.91,3.0,1.0,26.0,8.0,4.0,7.19,26.0,0.0,3/17,8.0
2021,Mumbai Indians,Adam Milne,32000000,4.0,16.0,94.11,0.0,1.0,15.0,4.0,3.0,9.35,14.0,0.0,2/21,4.0
2021,Mumbai Indians,Piyush Chawla,24000000,1.0,0.0,0.0,0.0,0.0,0.0,1.0,1.0,9.5,4.0,0.0,4/17,1.0
2021,Delhi Capitals,Steven Smith,22000000,,,,,,,,,,,,,
2021,Delhi Capitals,Sam Billings,20000000,,,,,,,,,,,,,
2021,Kolkata Knight Riders,Harbhajan Singh,20000000,3.0,4.0,100.0,0.0,0.0,2.0,,,,,,,
2021,Sunrisers Hyderabad,Kedar Jadhav,20000000,6.0,55.0,105.76,2.0,2.0,19.0,,,,,,,
2021,Punjab Kings,Dawid Malan,15000000,1.0,26.0,100.0,1.0,1.0,26.0,,,,,,,
2021,Sunrisers Hyderabad,Mujeeb Zadran,15000000,,,,,,,,,,,,,
2021,Rajasthan Royals,Chetan Sakariya,12000000,14.0,16.0,64.0,2.0,0.0,7.0,14.0,14.0,8.19,52.0,1.0,3/31,14.0
2021,Delhi Capitals,Umesh Yadav,10000000,,,,,,,,,,,,,
2021,Rajasthan Royals,Mustafizur Rahman,10000000,14.0,8.0,57.14,0.0,1.0,8.0,14.0,14.0,8.41,52.0,0.0,3/16,14.0
2021,Kolkata Knight Riders,Ben Cutting,7500000,,,,,,,,,,,,,
2021,Punjab Kings,Fabian Allen,7500000,4.0,6.0,50.0,0.0,0.0,6.0,4.0,1.0,8.18,11.0,1.0,1/22,3.0
2021,Rajasthan Royals,Liam Livingstone,7500000,5.0,42.0,102.43,3.0,1.0,25.0,,,,,,,
2021,Kolkata Knight Riders,Karun Nair,5000000,,,,,,,,,,,,,
2021,Kolkata Knight Riders,Pawan Negi,5000000,,,,,,,,,,,,,
2021,Mumbai Indians,James Neesham,5000000,,,,,,,,,,,,,
2021,Punjab Kings,Jalaj Saxena,3000000,,,,,,,,,,,,,
2021,Sunrisers Hyderabad,J Suchith,3000000,,,,,,,,,,,,,
2021,Delhi Capitals,Ripal Patel,2000000,2.0,25.0,92.59,3.0,0.0,18.0,,,,,,,
2021,Delhi Capitals,Vishnu Vinod,2000000,,,,,,,,,,,,,
2021,Delhi Capitals,Lukman Hussain Meriwala,2000000,,,,,,,,,,,,,
2021,Delhi Capitals,M Siddharth,2000000,,,,,,,,,,,,,
2021,Kolkata Knight Riders,Venkatesh Iyer,2000000,10.0,370.0,128.47,37.0,14.0,67.0,10.0,3.0,8.11,8.0,0.0,2/29,4.0
2021,Kolkata Knight Riders,Sheldon Jackson,2000000,,,,,,,,,,,,,
2021,Kolkata Knight Riders,Vaibhav Arora,2000000,,,,,,,,,,,,,
2021,Mumbai Indians,Yudhvir Charak,2000000,,,,,,,,,,,,,
2021,Mumbai Indians,Marco Jansen,2000000,2.0,0.0,0.0,0.0,0.0,0.0,2.0,2.0,7.5,6.0,0.0,2/28,2.0
2021,Mumbai Indians,Arjun Tendulkar,2000000,,,,,,,,,,,,,
2021,Punjab Kings,Saurabh Kumar,2000000,,,,,,,,,,,,,
2021,Punjab Kings,Utkarsh Singh,2000000,,,,,,,,,,,,,
2021,Rajasthan Royals,K.C Cariappa,2000000,,,,,,,,,,,,,
2021,Rajasthan Royals,Akash Singh,2000000,,,,,,,,,,,,,
2021,Rajasthan Royals,Kuldip Yadav,2000000,1.0,0.0,0.0,0.0,0.0,0.0,,,,,,,
2021,Royal Challengers Bengaluru,Sachin Baby,2000000,1.0,7.0,41.17,0.0,0.0,7.0,,,,,,,
2021,Royal Challengers Bengaluru,Rajat Patidar,2000000,4.0,71.0,114.51,3.0,3.0,31.0,,,,,,,
2021,Royal Challengers Bengaluru,Mohammed Azharudeen,2000000,,,,,,,,,,,,,
2021,Royal Challengers Bengaluru,Suyash Prabhudesai,2000000,,,,,,,,,,,,,
2021,Royal Challengers Bengaluru,Kona Srikar Bharat,2000000,,,,,,,,,,,,,
2020,Kolkata Knight Riders,Pat Cummins,155000000,14.0,146.0,128.07,9.0,8.0,53.0,14.0,12.0,7.86,52.0,0.0,4/34,14.0
2020,Kings XI Punjab,Glenn Maxwell,107500000,13.0,108.0,101.88,9.0,0.0,32.0,13.0,3.0,8.04,21.0,0.0,2/15,7.0
2020,Royal Challengers Bengaluru,Christopher Morris,100000000,,,,,,,,,,,,,
2020,Kings XI Punjab,Sheldon Cottrell,85000000,6.0,0.0,0.0,0.0,0.0,0.0,6.0,6.0,8.8,20.0,1.0,2/17,6.0
2020,Mumbai Indians,Nathan Coulter-Nile,80000000,7.0,25.0,166.66,4.0,0.0,24.0,7.0,5.0,7.92,26.0,0.0,4/14,7.0
2020,Delhi Capitals,Shimron Hetmyer,77500000,12.0,185.0,148.0,11.0,12.0,45.0,,,,,,,
2020,Kolkata Knight Riders,Eoin Morgan,52500000,14.0,418.0,138.41,32.0,24.0,68.0,,,,,,,
2020,Delhi Capitals,Marcus Stoinis,48000000,17.0,352.0,148.52,31.0,16.0,65.0,17.0,13.0,9.53,29.0,0.0,4/15,13.0
2020,Royal Challengers Bengaluru,Aaron Finch,44000000,12.0,268.0,111.2,28.0,8.0,52.0,,,,,,,
2020,Kolkata Knight Riders,Varun Chakaravarthy,40000000,13.0,10.0,66.66,0.0,0.0,7.0,13.0,17.0,6.84,52.0,0.0,5/20,13.0
2020,Royal Challengers Bengaluru,Kane Richardson,40000000,,,,,,,,,,,,,
2020,Kings XI Punjab,Chris Jordan,30000000,9.0,29.0,93.54,2.0,0.0,13.0,9.0,9.0,9.65,31.0,0.0,4/11,9.0
2020,Rajasthan Royals,Robin Uthappa,30000000,12.0,196.0,119.51,19.0,7.0,41.0,,,,,,,
2020,Rajasthan Royals,Jaydev Unadkat,30000000,7.0,9.0,69.23,0.0,0.0,9.0,7.0,4.0,9.91,23.0,0.0,5/25,7.0
2020,Delhi Capitals,Alex Carey,24000000,3.0,32.0,110.34,0.0,1.0,14.0,,,,,,,
2020,Rajasthan Royals,Yashasvi Jaiswal,24000000,3.0,40.0,90.9,2.0,2.0,34.0,,,,,,,
2020,Kings XI Punjab,Ravi Bishnoi,20000000,14.0,7.0,58.33,1.0,0.0,6.0,14.0,12.0,7.37,51.0,1.0,3/24,14.0
2020,Mumbai Indians,Chris Lynn,20000000,,,,,,,,,,,,,
2020,Royal Challengers Bengaluru,Dale Steyn,20000000,3.0,1.0,50.0,0.0,0.0,1.0,3.0,1.0,11.4,11.0,0.0,3/11,3.0
2020,Sunrisers Hyderabad,Mitchell Marsh,20000000,1.0,0.0,0.0,0.0,0.0,0.0,,,,,,,
2020,Sunrisers Hyderabad,Priyam Garg,19000000,14.0,133.0,119.81,9.0,4.0,51.0,,,,,,,
2020,Sunrisers Hyderabad,Virat Singh,19000000,,,,,,,,,,,,,
2020,Delhi Capitals,Jason Roy,15000000,,,,,,,,,,,,,
2020,Delhi Capitals,Chris Woakes,15000000,,,,,,,,,,,,,
2020,Rajasthan Royals,Kartik Tyagi,13000000,10.0,4.0,66.66,0.0,0.0,2.0,10.0,9.0,9.61,38.0,0.0,2/29,10.0
2020,Kolkata Knight Riders,Tom Banton,10000000,2.0,18.0,90.0,1.0,1.0,10.0,,,,,,,
2020,Rajasthan Royals,Tom Curran,10000000,5.0,83.0,133.87,5.0,3.0,54.0,5.0,3.0,11.44,18.0,0.0,3/29,5.0
2020,Rajasthan Royals,Andrew Tye,10000000,1.0,6.0,100.0,0.0,1.0,6.0,1.0,1.0,12.5,4.0,0.0,5/17,1.0
2020,Rajasthan Royals,Anuj Rawat,8000000,,,,,,,,,,,,,
2020,Rajasthan Royals,David Miller,7500000,,,,,,,,,,,,,
2020,Kolkata Knight Riders,Rahul Tripathi,6000000,11.0,230.0,127.07,21.0,10.0,81.0,,,,,,,
2020,Kings XI Punjab,Prabhsimran Singh,5500000,2.0,15.0,100.0,2.0,0.0,11.0,,,,,,,
2020,Delhi Capitals,Mohit Sharma,5000000,,,,,,,1.0,1.0,11.25,4.0,0.0,4/14,1.0
2020,Kings XI Punjab,Deepak Hooda,5000000,7.0,101.0,142.25,5.0,5.0,62.0,,,,,,,
2020,Kings XI Punjab,James Neesham,5000000,,,,,,,,,,,,,
2020,Mumbai Indians,Saurabh Tiwary,5000000,7.0,103.0,128.75,8.0,3.0,42.0,,,,,,,
2020,Rajasthan Royals,Oshane Thomas,5000000,,,,,,,,,,,,,
2020,Royal Challengers Bengaluru,Isuru Udana,5000000,10.0,15.0,136.36,1.0,1.0,10.0,10.0,8.0,9.72,29.0,0.0,2/41,10.0
2020,Sunrisers Hyderabad,Fabian Allen,5000000,,,,,,,,,,,,,
2020,Delhi Capitals,Tushar Deshpande,2000000,5.0,21.0,175.0,2.0,1.0,20.0,5.0,3.0,11.29,17.0,0.0,2/37,5.0
2020,Delhi Capitals,Lalit Yadav,2000000,,,,,,,,,,,,,
2020,Kings XI Punjab,Tajinder Dhillon,2000000,,,,,,,,,,,,,
2020,Kings XI Punjab,Ishan Porel,2000000,,,,,,,,,,,,,
2020,Kolkata Knight Riders,Chris Green,2000000,,,,,,,,,,,,,
2020,Kolkata Knight Riders,Nikhil Shankar Naik,2000000,,,,,,,,,,,,,
2020,Kolkata Knight Riders,Pravin Tambe,2000000,,,,,,,,,,,,,
2020,Kolkata Knight Riders,M Siddharth,2000000,,,,,,,,,,,,,
2020,Mumbai Indians,Digvijay Deshmukh,2000000,,,,,,,,,,,,,
2020,Mumbai Indians,Prince Balwant Rai Singh,2000000,,,,,,,,,,,,,
2020,Mumbai Indians,Mohsin Khan,2000000,,,,,,,,,,,,,
2020,Rajasthan Royals,Anirudha Ashok Joshi,2000000,,,,,,,,,,,,,
2020,Rajasthan Royals,Akash Singh,2000000,,,,,,,,,,,,,
2020,Royal Challengers Bengaluru,Shahbaz Ahamad,2000000,,,,,,,,,,,,,
2020,Royal Challengers Bengaluru,Joshua Philippe,2000000,,,,,,,,,,,,,
2020,Royal Challengers Bengaluru,Pavan Deshpande,2000000,,,,,,,,,,,,,
2020,Sunrisers Hyderabad,Sandeep Bavanaka,2000000,,,,,,,,,,,,,
2020,Sunrisers Hyderabad,Sanjay Yadav,2000000,,,,,,,,,,,,,
2020,Sunrisers Hyderabad,Abdul Samad,2000000,12.0,111.0,170.76,8.0,6.0,33.0,12.0,1.0,13.71,7.0,0.0,1/41,3.0
2019,Kings XI Punjab,Varun Chakaravarthy,84000000,,,,,,,1.0,1.0,11.66,3.0,0.0,5/20,1.0
2019,Rajasthan Royals,Jaydev Unadkat,84000000,11.0,1.0,33.33,0.0,0.0,1.0,11.0,10.0,10.66,37.0,0.0,5/25,11.0
2019,Kings XI Punjab,Sam Curran,72000000,9.0,95.0,172.72,13.0,3.0,55.0,9.0,10.0,9.78,33.0,0.0,4/11,9.0
2019,Delhi Capitals,Colin Ingram,64000000,12.0,184.0,119.48,20.0,5.0,47.0,,,,,,,
2019,Delhi Capitals,Axar Rajesh Patel,50000000,,,,,,,,,,,,,
2019,Kolkata Knight Riders,Carlos Brathwaite,50000000,2.0,11.0,110.0,1.0,0.0,6.0,,,,,,,
2019,Royal Challengers Bengaluru,Shivam Dube,50000000,4.0,40.0,121.21,1.0,3.0,24.0,,,,,,,
2019,Kings XI Punjab,Mohammad Shami,48000000,14.0,1.0,50.0,0.0,0.0,1.0,14.0,19.0,8.68,54.0,0.0,3/15,14.0
2019,Kings XI Punjab,Prabhsimran Singh,48000000,1.0,16.0,94.11,1.0,1.0,16.0,,,,,,,
2019,Kings XI Punjab,Nicolas Pooran,42000000,,,,,,,,,,,,,
2019,Royal Challengers Bengaluru,Shimron Hetmyer,42000000,5.0,90.0,123.28,4.0,7.0,75.0,,,,,,,
2019,Royal Challengers Bengaluru,Akshdeep Nath,36000000,8.0,61.0,107.01,5.0,2.0,24.0,,,,,,,
2019,Mumbai Indians,Barinder Singh Sran,34000000,,,,,,,,,,,,,
2019,Rajasthan Royals,Varun Aaron,24000000,5.0,3.0,42.85,0.0,0.0,3.0,5.0,4.0,9.66,12.0,1.0,3/16,5.0
2019,Sunrisers Hyderabad,Jonny Bairstow,22000000,10.0,445.0,157.24,48.0,18.0,114.0,,,,,,,
2019,Delhi Capitals,Hanuma Vihari,20000000,2.0,4.0,50.0,0.0,0.0,2.0,,,,,,,
2019,Delhi Capitals,Sherfane Rutherford,20000000,7.0,73.0,135.18,2.0,7.0,28.0,7.0,1.0,8.63,7.0,0.0,1/6,6.0
2019,Mumbai Indians,Lasith Malinga,20000000,,,,,,,12.0,16.0,9.76,45.0,0.0,5/13,12.0
2019,Kolkata Knight Riders,Lockie Ferguson,16000000,,,,,,,5.0,2.0,10.76,17.0,0.0,3/15,5.0
2019,Royal Challengers Bengaluru,Prayas Ray Barman,15000000,1.0,19.0,79.16,2.0,0.0,19.0,,,,,,,
2019,Sunrisers Hyderabad,Wriddhiman Saha,12000000,5.0,86.0,162.26,13.0,1.0,28.0,,,,,,,
2019,Delhi Capitals,Ishant Sharma,11000000,13.0,10.0,333.33,1.0,1.0,10.0,13.0,13.0,7.58,46.0,1.0,5/12,13.0
2019,Rajasthan Royals,Oshane Thomas,11000000,,,,,,,4.0,5.0,7.9,10.0,0.0,2/6,4.0
2019,Kings XI Punjab,Moises Henriques,10000000,,,,,,,,,,,,,
2019,Kolkata Knight Riders,Joe Denly,10000000,1.0,0.0,0.0,0.0,0.0,0.0,,,,,,,
2019,Mumbai Indians,Yuvraj Singh,10000000,4.0,98.0,130.66,7.0,6.0,53.0,,,,,,,
2019,Sunrisers Hyderabad,Martin Guptill,10000000,3.0,81.0,152.83,4.0,7.0,36.0,,,,,,,
2019,Mumbai Indians,Anmolpreet Singh,8000000,,,,,,,,,,,,,
2019,Kings XI Punjab,Hardus Viljoen,7500000,6.0,3.0,42.85,0.0,0.0,2.0,6.0,7.0,9.65,23.0,0.0,2/39,6.0
2019,Kolkata Knight Riders,Harry Gurney,7500000,8.0,1.0,20.0,0.0,0.0,1.0,8.0,7.0,8.81,27.0,0.0,2/25,8.0
2019,Royal Challengers Bengaluru,Himmat Singh,6500000,,,,,,,,,,,,,
2019,Delhi Capitals,Keemo Paul,5000000,8.0,18.0,75.0,1.0,1.0,7.0,8.0,9.0,8.72,27.0,0.0,3/17,8.0
2019,Rajasthan Royals,Ashton Turner,5000000,4.0,3.0,30.0,0.0,0.0,3.0,,,,,,,
2019,Rajasthan Royals,Liam Livingstone,5000000,4.0,71.0,147.91,6.0,5.0,44.0,,,,,,,
2019,Royal Challengers Bengaluru,Gurkeerat Singh Mann,5000000,,,,,,,,,,,,,
2019,Royal Challengers Bengaluru,Heinrich Klaasen,5000000,3.0,9.0,90.0,0.0,0.0,6.0,,,,,,,
2019,Kings XI Punjab,Darshan Nalkande,3000000,,,,,,,,,,,,,
2019,Rajasthan Royals,Shashank Singh,3000000,,,,,,,,,,,,,
2019,Kings XI Punjab,Sarfaraz Naushad Khan,2500000,,,,,,,,,,,,,
2019,Delhi Capitals,Jalaj Saxena,2000000,,,,,,,,,,,,,
2019,Delhi Capitals,Ankush Bains,2000000,,,,,,,,,,,,,
2019,Delhi Capitals,Nathu Singh,2000000,,,,,,,,,,,,,
2019,Delhi Capitals,Bandaru Ayyappa,2000000,,,,,,,,,,,,,
2019,Kings XI Punjab,Arshdeep Singh,2000000,,,,,,,3.0,3.0,10.9,10.0,0.0,5/32,3.0
2019,Kings XI Punjab,Agnivesh Ayachi,2000000,,,,,,,,,,,,,
2019,Kings XI Punjab,Harpreet Brar,2000000,2.0,20.0,166.66,2.0,1.0,20.0,,,,,,,
2019,Kings XI Punjab,M. Ashwin,2000000,,,,,,,,,,,,,
2019,Kolkata Knight Riders,Nikhil Shankar Naik,2000000,,,,,,,,,,,,,
2019,Kolkata Knight Riders,Shrikant Mundhe,2000000,,,,,,,,,,,,,
2019,Kolkata Knight Riders,Prithvi Raj Yarra,2000000,2.0,0.0,0.0,0.0,0.0,0.0,2.0,1.0,11.4,5.0,0.0,1/29,2.0
2019,Kolkata Knight Riders,Anrich Nortje,2000000,,,,,,,,,,,,,
2019,Mumbai Indians,Pankaj Jaswal,2000000,,,,,,,,,,,,,
2019,Mumbai Indians,Rasikh Dar,2000000,,,,,,,,,,,,,
2019,Rajasthan Royals,Riyan Parag,2000000,7.0,160.0,126.98,17.0,5.0,50.0,7.0,2.0,8.64,14.0,0.0,1/10,7.0
2019,Rajasthan Royals,Manan Vohra,2000000,,,,,,,,,,,,,
2019,Rajasthan Royals,Shubham Ranjane,2000000,,,,,,,,,,,,,
2019,Royal Challengers Bengaluru,Devdutt Padikkal,2000000,,,,,,,,,,,,,
2019,Royal Challengers Bengaluru,Milind Kumar,2000000,,,,,,,,,,,,,
2018,Rajasthan Royals,Benjamin Stokes,125000000,,,,,,,,,,,,,
2018,Rajasthan Royals,Jaydev Unadkat,115000000,15.0,49.0,128.94,6.0,1.0,26.0,15.0,11.0,9.65,50.0,0.0,5/25,15.0
2018,Kings XI Punjab,KL Rahul,110000000,14.0,659.0,158.41,66.0,32.0,95.0,,,,,,,
2018,Sunrisers Hyderabad,Manish Pandey,110000000,15.0,284.0,115.44,22.0,5.0,62.0,,,,,,,
2018,Kolkata Knight Riders,Chris Lynn,96000000,16.0,491.0,130.23,56.0,18.0,74.0,,,,,,,
2018,Kolkata Knight Riders,Mitchell Starc,94000000,,,,,,,,,,,,,
2018,Delhi Daredevils,Glenn Maxwell,90000000,12.0,169.0,140.83,14.0,9.0,47.0,12.0,5.0,8.25,16.0,0.0,2/15,10.0
2018,Sunrisers Hyderabad,Rashid Khan Arman,90000000,,,,,,,,,,,,,
2018,Mumbai Indians,Krunal Pandya,88000000,14.0,228.0,145.22,22.0,10.0,41.0,14.0,12.0,7.07,40.0,0.0,3/14,13.0
2018,Rajasthan Royals,Sanju Samson,80000000,15.0,441.0,137.81,30.0,19.0,92.0,,,,,,,
2018,Kings XI Punjab,Ravichandran Ashwin,76000000,14.0,102.0,143.66,7.0,5.0,45.0,14.0,10.0,8.09,50.0,0.0,4/34,14.0
2018,Kolkata Knight Riders,Dinesh Karthik,74000000,16.0,498.0,147.77,49.0,16.0,52.0,,,,,,,
2018,Royal Challengers Bengaluru,Chris Woakes,74000000,5.0,17.0,89.47,1.0,1.0,11.0,5.0,8.0,10.36,18.0,0.0,3/36,5.0
2018,Kings XI Punjab,Andrew Tye,72000000,14.0,32.0,84.21,2.0,1.0,14.0,14.0,24.0,8.0,56.0,0.0,5/17,14.0
2018,Rajasthan Royals,Jofra Archer,72000000,10.0,15.0,71.42,2.0,0.0,8.0,10.0,15.0,8.36,39.0,0.0,3/15,10.0
2018,Kolkata Knight Riders,Robin Uthappa,64000000,16.0,351.0,132.45,30.0,21.0,54.0,,,,,,,
2018,Kings XI Punjab,Aaron Finch,62000000,10.0,134.0,134.0,6.0,8.0,46.0,,,,,,,
2018,Kings XI Punjab,Marcus Stoinis,62000000,7.0,99.0,130.26,6.0,4.0,29.0,7.0,3.0,10.9,11.0,0.0,4/15,6.0
2018,Mumbai Indians,Ishan Kishan,62000000,14.0,275.0,149.45,22.0,17.0,62.0,,,,,,,
2018,Rajasthan Royals,Krishnappa Gowtham,62000000,15.0,126.0,196.87,9.0,9.0,33.0,15.0,11.0,7.8,40.0,0.0,2/12,15.0
2018,Royal Challengers Bengaluru,Yuzvendra Singh Chahal,60000000,,,,,,,,,,,,,
2018,Kolkata Knight Riders,Kuldeep Singh Yadav,58000000,,,,,,,,,,,,,
2018,Kings XI Punjab,Karun Nair,56000000,13.0,301.0,136.19,23.0,13.0,54.0,,,,,,,
2018,Mumbai Indians,Kieron Pollard,54000000,9.0,133.0,133.0,10.0,7.0,50.0,,,,,,,
2018,Mumbai Indians,Pat Cummins,54000000,,,,,,,,,,,,,
2018,Sunrisers Hyderabad,Shikhar Dhawan,52000000,16.0,497.0,136.91,59.0,14.0,92.0,,,,,,,
2018,Sunrisers Hyderabad,Wriddhiman Saha,50000000,11.0,122.0,119.6,17.0,1.0,35.0,,,,,,,
2018,Rajasthan Royals,Jos Buttler,44000000,13.0,548.0,155.24,52.0,21.0,95.0,,,,,,,
2018,Delhi Daredevils,Kagiso Rabada,42000000,,,,,,,,,,,,,
2018,Kolkata Knight Riders,Piyush Chawla,42000000,15.0,27.0,79.41,1.0,1.0,12.0,15.0,14.0,8.4,49.0,0.0,4/17,15.0
2018,Royal Challengers Bengaluru,Umesh Yadav,42000000,14.0,3.0,27.27,0.0,0.0,1.0,14.0,20.0,7.86,53.0,1.0,4/24,14.0
2018,Delhi Daredevils,Amit Mishra,40000000,10.0,1.0,50.0,0.0,0.0,1.0,10.0,12.0,7.13,37.0,1.0,5/17,10.0
2018,Kings XI Punjab,Mujeeb Zadran,40000000,,,,,,,,,,,,,
2018,Rajasthan Royals,Ajinkya Rahane,40000000,15.0,370.0,118.21,39.0,5.0,65.0,,,,,,,
2018,Rajasthan Royals,Darcy Short,40000000,,,,,,,,,,,,,
2018,Mumbai Indians,Evin Lewis,38000000,13.0,382.0,138.4,32.0,24.0,65.0,,,,,,,
2018,Sunrisers Hyderabad,Siddarth Kaul,38000000,17.0,3.0,21.42,0.0,0.0,2.0,17.0,21.0,8.28,66.0,0.0,4/29,17.0
2018,Royal Challengers Bengaluru,Brendon McCullum,36000000,6.0,127.0,144.31,16.0,6.0,43.0,,,,,,,
2018,Sunrisers Hyderabad,Deepak Hooda,36000000,9.0,87.0,107.4,2.0,3.0,32.0,,,,,,,
2018,Kolkata Knight Riders,Nitish Rana,34000000,15.0,304.0,131.03,26.0,14.0,59.0,15.0,4.0,7.13,6.0,0.0,2/11,5.0
2018,Rajasthan Royals,Rahul Tripathi,34000000,12.0,226.0,135.32,18.0,8.0,80.0,,,,,,,
2018,Delhi Daredevils,Shahbaz Nadeem,32000000,6.0,6.0,75.0,0.0,0.0,6.0,6.0,3.0,10.73,15.0,0.0,3/16,6.0
2018,Delhi Daredevils,Vijay Shankar,32000000,13.0,212.0,143.24,11.0,11.0,54.0,13.0,1.0,11.6,5.0,0.0,2/19,4.0
2018,Kolkata Knight Riders,Kamlesh Nagarkoti,32000000,,,,,,,,,,,,,
2018,Mumbai Indians,Suryakumar Yadav,32000000,14.0,512.0,133.33,61.0,16.0,72.0,,,,,,,
2018,Royal Challengers Bengaluru,M.S. Washington Sundar,32000000,,,,,,,,,,,,,
2018,Delhi Daredevils,Rahul Tewatia,30000000,8.0,50.0,116.27,5.0,1.0,24.0,8.0,6.0,7.86,22.0,0.0,3/18,8.0
2018,Delhi Daredevils,Mohammad Shami,30000000,4.0,7.0,116.66,1.0,0.0,7.0,4.0,3.0,10.4,14.0,0.0,3/15,4.0
2018,Kings XI Punjab,Ankit Singh Rajpoot,30000000,,,,,,,,,,,,,
2018,Kings XI Punjab,David Miller,30000000,3.0,74.0,115.62,3.0,2.0,26.0,,,,,,,
2018,Kolkata Knight Riders,Shivam Mavi,30000000,9.0,13.0,86.66,1.0,0.0,7.0,9.0,5.0,9.64,28.0,0.0,4/21,9.0
2018,Royal Challengers Bengaluru,Navdeep Saini,30000000,,,,,,,,,,,,,
2018,Sunrisers Hyderabad,Syed Khaleel Ahmed,30000000,,,,,,,,,,,,,
2018,Sunrisers Hyderabad,Sandeep Sharma,30000000,12.0,0.0,0.0,0.0,0.0,0.0,12.0,12.0,7.56,44.0,0.0,4/20,12.0
2018,Sunrisers Hyderabad,Kane Williamson,30000000,17.0,735.0,142.44,64.0,28.0,84.0,,,,,,,
2018,Delhi Daredevils,Gautam Gambhir,28000000,6.0,85.0,96.59,8.0,1.0,55.0,,,,,,,
2018,Royal Challengers Bengaluru,Quinton De Kock,28000000,,,,,,,,,,,,,
2018,Royal Challengers Bengaluru,Mohammed Siraj,26000000,11.0,25.0,113.63,2.0,1.0,14.0,11.0,11.0,8.95,41.0,0.0,4/32,11.0
2018,Kings XI Punjab,Mohit Sharma,24000000,9.0,10.0,76.92,1.0,0.0,4.0,9.0,7.0,10.85,29.0,0.0,4/14,9.0
2018,Delhi Daredevils,Trent Boult,22000000,14.0,0.0,0.0,0.0,0.0,0.0,14.0,18.0,8.84,52.0,1.0,4/18,14.0
2018,Kings XI Punjab,Barinder Singh Sran,22000000,,,,,,,,,,,,,
2018,Mumbai Indians,Ben Cutting,22000000,9.0,96.0,165.51,5.0,8.0,37.0,9.0,2.0,9.88,17.0,0.0,2/20,7.0
2018,Mumbai Indians,Mustafizur Rahman,22000000,7.0,1.0,33.33,0.0,0.0,1.0,7.0,7.0,8.36,27.0,0.0,3/16,7.0
2018,Royal Challengers Bengaluru,Nathan Coulter-Nile,22000000,,,,,,,,,,,,,
2018,Royal Challengers Bengaluru,Colin De Grandhomme,22000000,,,,,,,,,,,,,
2018,Royal Challengers Bengaluru,M. Ashwin,22000000,,,,,,,,,,,,,
2018,Kings XI Punjab,Yuvraj Singh,20000000,8.0,65.0,89.04,6.0,2.0,20.0,,,,,,,
2018,Kings XI Punjab,Christopher Gayle,20000000,,,,,,,,,,,,,
2018,Kolkata Knight Riders,Mitchell Johnson,20000000,6.0,16.0,145.45,2.0,0.0,12.0,6.0,2.0,10.28,21.0,0.0,3/26,6.0
2018,Sunrisers Hyderabad,Carlos Brathwaite,20000000,4.0,75.0,156.25,1.0,8.0,43.0,4.0,5.0,9.24,10.0,0.0,3/43,4.0
2018,Sunrisers Hyderabad,Shakib Al Hasan,20000000,17.0,239.0,121.31,26.0,5.0,35.0,17.0,14.0,8.0,57.0,0.0,3/17,17.0
2018,Delhi Daredevils,Colin Munro,19000000,5.0,63.0,153.65,7.0,4.0,33.0,,,,,,,
2018,Mumbai Indians,Rahul Chahar,19000000,,,,,,,,,,,,,
2018,Sunrisers Hyderabad,Yusuf Pathan,19000000,15.0,260.0,130.0,22.0,11.0,45.0,15.0,1.0,7.0,2.0,0.0,3/20,1.0
2018,Kolkata Knight Riders,Shubman Gill,18000000,13.0,203.0,146.04,22.0,5.0,57.0,,,,,,,
2018,Royal Challengers Bengaluru,Parthiv Patel,17000000,6.0,153.0,140.36,20.0,4.0,53.0,,,,,,,
2018,Royal Challengers Bengaluru,Moeen Ali,17000000,5.0,77.0,167.39,4.0,6.0,65.0,5.0,3.0,7.36,13.0,0.0,3/7,5.0
2018,Delhi Daredevils,Daniel Christian,15000000,,,,,,,,,,,,,
2018,Delhi Daredevils,Jason Roy,15000000,5.0,120.0,127.65,9.0,7.0,91.0,,,,,,,
2018,Mumbai Indians,Pradeep Sangwan,15000000,1.0,0.0,0.0,0.0,0.0,0.0,,,,,,,
2018,Mumbai Indians,Jason Behrendorff,15000000,,,,,,,,,,,,,
2018,Delhi Daredevils,Naman Ojha,14000000,1.0,1.0,25.0,0.0,0.0,1.0,,,,,,,
2018,Kings XI Punjab,Ben Dwarshuis,14000000,,,,,,,,,,,,,
2018,Royal Challengers Bengaluru,Mandeep Singh,14000000,14.0,252.0,135.48,16.0,11.0,47.0,,,,,,,
2018,Delhi Daredevils,Prithvi Shaw,12000000,9.0,245.0,153.12,27.0,10.0,65.0,,,,,,,
2018,Royal Challengers Bengaluru,Manan Vohra,11000000,4.0,55.0,117.02,2.0,4.0,45.0,,,,,,,
2018,Kings XI Punjab,Akshdeep Nath,10000000,1.0,9.0,69.23,1.0,0.0,9.0,,,,,,,
2018,Kings XI Punjab,Manoj Tiwary,10000000,5.0,47.0,106.81,4.0,1.0,35.0,,,,,,,
2018,Kings XI Punjab,Mayank Agarwal,10000000,11.0,120.0,127.65,9.0,5.0,30.0,,,,,,,
2018,Kolkata Knight Riders,Ranganath Vinay Kumar,10000000,,,,,,,,,,,,,
2018,Mumbai Indians,Jean-Paul Duminy,10000000,,,,,,,,,,,,,
2018,Royal Challengers Bengaluru,Pawan Negi,10000000,2.0,3.0,60.0,0.0,0.0,3.0,2.0,1.0,12.25,4.0,0.0,4/18,2.0
2018,Royal Challengers Bengaluru,Tim Southee,10000000,8.0,52.0,113.04,5.0,1.0,36.0,8.0,5.0,9.0,29.0,0.0,3/24,8.0
2018,Sunrisers Hyderabad,Shreevats Goswami,10000000,6.0,52.0,130.0,6.0,1.0,35.0,,,,,,,
2018,Sunrisers Hyderabad,Mohammad Nabi,10000000,2.0,18.0,150.0,3.0,0.0,14.0,2.0,1.0,9.4,5.0,0.0,4/11,2.0
2018,Sunrisers Hyderabad,Chris Jordan,10000000,,,,,,,,,,,,,
2018,Sunrisers Hyderabad,Basil Thampi,9500000,4.0,3.0,50.0,0.0,0.0,3.0,4.0,5.0,11.21,10.0,0.0,3/29,4.0
2018,Royal Challengers Bengaluru,Kulwant Khejroliya,8500000,,,,,,,3.0,2.0,9.87,11.0,0.0,2/33,3.0
2018,Kolkata Knight Riders,Rinku Singh,8000000,4.0,29.0,93.54,4.0,0.0,16.0,,,,,,,
2018,Mumbai Indians,Saurabh Tiwary,8000000,,,,,,,,,,,,,
2018,Delhi Daredevils,Gurkeerat Singh Mann,7500000,,,,,,,,,,,,,
2018,Rajasthan Royals,Dhawal Kulkarni,7500000,8.0,6.0,85.71,0.0,0.0,3.0,8.0,4.0,9.47,20.0,0.0,4/14,8.0
2018,Delhi Daredevils,Avesh Khan,7000000,,,,,,,6.0,4.0,10.73,19.0,0.0,3/13,6.0
2018,Rajasthan Royals,Zahir Khan Pakteen,6000000,,,,,,,,,,,,,
2018,Delhi Daredevils,Abhishek Sharma,5500000,3.0,63.0,190.9,3.0,5.0,46.0,,,,,,,
2018,Mumbai Indians,Tajinder Dhillon,5500000,,,,,,,,,,,,,
2018,Delhi Daredevils,Jayant Yadav,5000000,,,,,,,,,,,,,
2018,Mumbai Indians,Akila Dhananjaya,5000000,,,,,,,,,,,,,
2018,Rajasthan Royals,Ben Laughlin,5000000,7.0,1.0,25.0,0.0,0.0,1.0,7.0,9.0,10.04,21.0,0.0,2/15,7.0
2018,Rajasthan Royals,Stuart Binny,5000000,7.0,44.0,112.82,2.0,2.0,22.0,,,,,,,
2018,Rajasthan Royals,Dushmantha Chameera,5000000,,,,,,,,,,,,,
2018,Sunrisers Hyderabad,Billy Stanlake,5000000,4.0,5.0,250.0,1.0,0.0,5.0,4.0,5.0,8.12,16.0,0.0,2/21,4.0
2018,Sunrisers Hyderabad,T Natarajan,4000000,,,,,,,,,,,,,
2018,Kolkata Knight Riders,Cameron Delport,3000000,,,,,,,,,,,,,
2018,Kolkata Knight Riders,Javon Searless,3000000,,,,,,,,,,,,,
2018,Rajasthan Royals,Anureet Singh,3000000,3.0,3.0,75.0,0.0,0.0,3.0,3.0,1.0,10.5,4.0,0.0,3/23,3.0
2018,Rajasthan Royals,Aryaman Vikram Birla,3000000,,,,,,,,,,,,,
2018,Royal Challengers Bengaluru,Aniket Choudhary,3000000,,,,,,,,,,,,,
2018,Delhi Daredevils,Harshal Patel,2000000,5.0,60.0,181.81,1.0,6.0,36.0,5.0,7.0,9.54,17.0,0.0,5/27,5.0
2018,Delhi Daredevils,Manjot Kalra,2000000,,,,,,,,,,,,,
2018,Delhi Daredevils,Sandeep Lamichhane,2000000,,,,,,,3.0,5.0,6.83,12.0,0.0,3/36,3.0
2018,Delhi Daredevils,Sayan Ghosh,2000000,,,,,,,,,,,,,
2018,Kings XI Punjab,Manzoor Dar,2000000,,,,,,,,,,,,,
2018,Kings XI Punjab,Pardeep Sahu,2000000,,,,,,,,,,,,,
2018,Kings XI Punjab,Mayank Dagar,2000000,,,,,,,,,,,,,
2018,Kolkata Knight Riders,Apoorv Vijay Wankhade,2000000,,,,,,,,,,,,,
2018,Kolkata Knight Riders,Ishank Jaggi,2000000,,,,,,,,,,,,,
2018,Mumbai Indians,Nidheesh M D Dinesan,2000000,,,,,,,,,,,,,
2018,Mumbai Indians,Aditya Tare,2000000,,,,,,,,,,,,,
2018,Mumbai Indians,Siddhesh Dinesh Lad,2000000,,,,,,,,,,,,,
2018,Mumbai Indians,Mayank Markande,2000000,14.0,21.0,87.5,2.0,0.0,7.0,14.0,15.0,8.36,44.0,0.0,4/23,14.0
2018,Mumbai Indians,Sharad Lumba,2000000,,,,,,,,,,,,,
2018,Mumbai Indians,Anukul Roy,2000000,,,,,,,,,,,,,
2018,Mumbai Indians,Mohsin Khan,2000000,,,,,,,,,,,,,
2018,Rajasthan Royals,Midhun S,2000000,,,,,,,,,,,,,
2018,Rajasthan Royals,Shreyas Gopal,2000000,11.0,50.0,111.11,5.0,0.0,24.0,11.0,11.0,7.61,31.0,0.0,4/16,10.0
2018,Rajasthan Royals,Prashant Chopra,2000000,1.0,8.0,133.33,2.0,0.0,8.0,,,,,,,
2018,Rajasthan Royals,Jatin Saxena,2000000,,,,,,,,,,,,,
2018,Rajasthan Royals,Ankit Sharma,2000000,,,,,,,,,,,,,
2018,Rajasthan Royals,Mahipal Lomror,2000000,2.0,20.0,95.23,1.0,0.0,11.0,,,,,,,
2018,Royal Challengers Bengaluru,Pavan Deshpande,2000000,,,,,,,,,,,,,
2018,Royal Challengers Bengaluru,Anirudha Ashok Joshi,2000000,,,,,,,,,,,,,
2018,Sunrisers Hyderabad,Sachin Baby,2000000,,,,,,,,,,,,,
2018,Sunrisers Hyderabad,Bipul Sharma,2000000,,,,,,,,,,,,,
2018,Sunrisers Hyderabad,Syed Mehdi Hasan,2000000,,,,,,,,,,,,,
2018,Sunrisers Hyderabad,Ricky Bhui,2000000,1.0,0.0,0.0,0.0,0.0,0.0,,,,,,,
2018,Sunrisers Hyderabad,Tanmay Agarwal,2000000,,,,,,,,,,,,,
