Year,PlayerName,Price
2025,Noor Ahmad,"10,00,00,000"
2025,Ravichandaran Ashwin,"9,75,00,000"
2025,Devon Conway,"6,25,00,000"
2025,Syed Khaleel Ahmed,"4,80,00,000"
2025,Rachin Ravindra,"4,00,00,000"
2025,Anshul Kamboj,"3,40,00,000"
2025,Rahul Tripathi,"3,40,00,000"
2025,Sam Curran,"2,40,00,000"
2025,Gurjapneet Singh,"2,20,00,000"
2025,Nathan Ellis,"2,00,00,000"
2025,Deepak Hooda,"1,70,00,000"
2025,Jamie Overton,"1,50,00,000"
2025,Vijay Shankar,"1,20,00,000"
2025,Vansh Bedi,"55,00,000"
2025,Andre Siddarth,"30,00,000"
2025,Shreyas Gopal,"30,00,000"
2025,Ramakrishna Ghosh,"30,00,000"
2025,Kamlesh Nagarkoti,"30,00,000"
2025,Mukesh Choudhary,"30,00,000"
2025,Shaik Rasheed,"30,00,000"
2025,KL Rahul,"14,00,00,000"
2025,Mitchell Starc,"11,75,00,000"
2025,T. Natarajan,"10,75,00,000"
2025,Jake Fraser-Mcgurk,"9,00,00,000"
2025,Mukesh Kumar,"8,00,00,000"
2025,Harry Brook,"6,25,00,000"
2025,Ashutosh Sharma,"3,80,00,000"
2025,Mohit Sharma,"2,20,00,000"
2025,Faf Du Plessis,"2,00,00,000"
2025,Sameer Rizvi,"95,00,000"
2025,Donovan Ferreira,"75,00,000"
2025,Dushmantha Chameera,"75,00,000"
2025,Vipraj Nigam,"50,00,000"
2025,Karun Nair,"50,00,000"
2025,Madhav Tiwari,"40,00,000"
2025,Tripurana Vijay,"30,00,000"
2025,Manvanth Kumar L,"30,00,000"
2025,Ajay Mandal,"30,00,000"
2025,Darshan Nalkande,"30,00,000"
2025,Jos  Buttler,"15,75,00,000"
2025,Mohammad Siraj,"12,25,00,000"
2025,Kagiso Rabada,"10,75,00,000"
2025,Prasidh Krishna,"9,50,00,000"
2025,Washington Sundar,"3,20,00,000"
2025,Sherfane Rutherford,"2,60,00,000"
2025,Gerald Coetzee,"2,40,00,000"
2025,Glenn Phillips,"2,00,00,000"
2025,R. Sai Kishore,"2,00,00,000"
2025,Mahipal Lomror,"1,70,00,000"
2025,Gurnoor Singh Brar,"1,30,00,000"
2025,Mohd. Arshad Khan,"1,30,00,000"
2025,Karim Janat,"75,00,000"
2025,Jayant Yadav,"75,00,000"
2025,Ishant Sharma,"75,00,000"
2025,Kumar Kushagra,"65,00,000"
2025,Kulwant Khejroliya,"30,00,000"
2025,Manav Suthar,"30,00,000"
2025,Anuj Rawat,"30,00,000"
2025,Nishant Sindhu,"30,00,000"
2025,Venkatesh Iyer,"23,75,00,000"
2025,Anrich Nortje,"6,50,00,000"
2025,Quinton De Kock,"3,60,00,000"
2025,Angkrish Raghuvanshi,"3,00,00,000"
2025,Spencer Johnson,"2,80,00,000"
2025,Moeen Ali,"2,00,00,000"
2025,Rahmanullah Gurbaz,"2,00,00,000"
2025,Vaibhav Arora,"1,80,00,000"
2025,Ajinkya Rahane,"1,50,00,000"
2025,Rovman Powell,"1,50,00,000"
2025,Umran  Malik,"75,00,000"
2025,Manish Pandey,"75,00,000"
2025,Anukul Roy,"40,00,000"
2025,Luvnith Sisodia,"30,00,000"
2025,Mayank Markande,"30,00,000"
2025,Rishabh Pant,"27,00,00,000"
2025,Avesh Khan,"9,75,00,000"
2025,Akash Deep,"8,00,00,000"
2025,David Miller,"7,50,00,000"
2025,Abdul Samad,"4,20,00,000"
2025,Mitchell Marsh,"3,40,00,000"
2025,Shahbaz Ahamad,"2,40,00,000"
2025,Aiden Markram,"2,00,00,000"
2025,Matthew Breetzke,"75,00,000"
2025,Shamar Joseph,"75,00,000"
2025,M. Siddharth,"75,00,000"
2025,Arshin Kulkarni,"30,00,000"
2025,Rajvardhan Hangargekar,"30,00,000"
2025,Yuvraj Chaudhary,"30,00,000"
2025,Prince Yadav,"30,00,000"
2025,Akash Singh,"30,00,000"
2025,Digvesh Singh,"30,00,000"
2025,Himmat Singh,"30,00,000"
2025,Aryan Juyal,"30,00,000"
2025,Trent Boult,"12,50,00,000"
2025,Deepak Chahar,"9,25,00,000"
2025,Will Jacks,"5,25,00,000"
2025,Naman Dhir,"5,25,00,000"
2025,Allah  Ghazanfar,"4,80,00,000"
2025,Mitchell Santner,"2,00,00,000"
2025,Ryan Rickelton,"1,00,00,000"
2025,Lizaad Williams,"75,00,000"
2025,Reece Topley,"75,00,000"
2025,Robin Minz,"65,00,000"
2025,Karn Sharma,"50,00,000"
2025,Vignesh Puthur,"30,00,000"
2025,Arjun  Tendulkar,"30,00,000"
2025,Bevan John Jacobs,"30,00,000"
2025,Venkata Satyanarayana Penmetsa,"30,00,000"
2025,Raj Angad Bawa,"30,00,000"
2025,Shrijith Krishnan,"30,00,000"
2025,Ashwani Kumar,"30,00,000"
2025,Shreyas Iyer,"26,75,00,000"
2025,Yuzvendra Chahal,"18,00,00,000"
2025,Arshdeep Singh,"18,00,00,000"
2025,Marcus Stoinis,"11,00,00,000"
2025,Marco Jansen,"7,00,00,000"
2025,Nehal Wadhera,"4,20,00,000"
2025,Glenn Maxwell,"4,20,00,000"
2025,Priyansh Arya,"3,80,00,000"
2025,Josh Inglis,"2,60,00,000"
2025,Azmatullah Omarzai,"2,40,00,000"
2025,Lockie Ferguson,"2,00,00,000"
2025,Vyshak Vijaykumar,"1,80,00,000"
2025,Yash Thakur,"1,60,00,000"
2025,Harpreet  Brar,"1,50,00,000"
2025,Aaron Hardie,"1,25,00,000"
2025,Vishnu Vinod,"95,00,000"
2025,Xavier Bartlett,"80,00,000"
2025,Kuldeep  Sen,"80,00,000"
2025,Pravin Dubey,"30,00,000"
2025,Pyla Avinash,"30,00,000"
2025,Suryansh  Shedge,"30,00,000"
2025,Musheer Khan,"30,00,000"
2025,Harnoor Pannu,"30,00,000"
2025,Jofra Archer,"12,50,00,000"
2025,Tushar Deshpande,"6,50,00,000"
2025,Wanindu Hasaranga,"5,25,00,000"
2025,Maheesh Theekshana,"4,40,00,000"
2025,Nitish Rana,"4,20,00,000"
2025,Fazalhaq Farooqi,"2,00,00,000"
2025,Kwena Maphaka,"1,50,00,000"
2025,Akash Madhwal,"1,20,00,000"
2025,Vaibhav Suryavanshi,"1,10,00,000"
2025,Shubham Dubey,"80,00,000"
2025,Yudhvir Charak,"35,00,000"
2025,Ashok Sharma,"30,00,000"
2025,Kunal Rathore,"30,00,000"
2025,Kumar Kartikeya Singh,"30,00,000"
2025,Josh Hazlewood,"12,50,00,000"
2025,Phil Salt,"11,50,00,000"
2025,Jitesh Sharma,"11,00,00,000"
2025,Bhuvneshwar Kumar,"10,75,00,000"
2025,Liam Livingstone,"8,75,00,000"
2025,Rasikh Dar,"6,00,00,000"
2025,Krunal Pandya,"5,75,00,000"
2025,Tim David,"3,00,00,000"
2025,Jacob Bethell,"2,60,00,000"
2025,Suyash Sharma,"2,60,00,000"
2025,Devdutt Padikkal,"2,00,00,000"
2025,Nuwan Thushara,"1,60,00,000"
2025,Romario Shepherd,"1,50,00,000"
2025,Lungisani Ngidi,"1,00,00,000"
2025,Swapnil Singh,"50,00,000"
2025,Mohit Rathee,"30,00,000"
2025,Abhinandan Singh,"30,00,000"
2025,Swastik Chhikara,"30,00,000"
2025,Manoj Bhandage,"30,00,000"
2025,Ishan Kishan,"11,25,00,000"
2025,Mohammad Shami,"10,00,00,000"
2025,Harshal Patel,"8,00,00,000"
2025,Abhinav Manohar,"3,20,00,000"
2025,Rahul Chahar,"3,20,00,000"
2025,Adam Zampa,"2,40,00,000"
2025,Simarjeet Singh,"1,50,00,000"
2025,Eshan Malinga,"1,20,00,000"
2025,Brydon Carse,"1,00,00,000"
2025,Jaydev Unadkat,"1,00,00,000"
2025,Kamindu Mendis,"75,00,000"
2025,Zeeshan Ansari,"40,00,000"
2025,Sachin Baby,"30,00,000"
2025,Aniket Verma,"30,00,000"
2025,Atharva Taide,"30,00,000"
2024,Daryl Mitchell,"14,00,00,000"
2024,Sameer Rizvi,"8,40,00,000"
2024,Shardul Thakur,"4,00,00,000"
2024,Mustafizur Rahman,"2,00,00,000"
2024,Rachin Ravindra,"1,80,00,000"
2024,Avanish Rao Aravelly,"20,00,000"
2024,Kumar Kushagra,"7,20,00,000"
2024,Jhye Richardson,"5,00,00,000"
2024,Harry Brook,"4,00,00,000"
2024,Sumit Kumar,"1,00,00,000"
2024,Shai Hope,"75,00,000"
2024,Tristan Stubbs,"50,00,000"
2024,Ricky Bhui,"20,00,000"
2024,Swastik Chhikara,"20,00,000"
2024,Rasikh Dar,"20,00,000"
2024,Spencer Johnson,"10,00,00,000"
2024,Shahrukh Khan,"7,40,00,000"
2024,Umesh Yadav,"5,80,00,000"
2024,Robin Minz,"3,60,00,000"
2024,Sushant Mishra,"2,20,00,000"
2024,Kartik Tyagi,"60,00,000"
2024,Azmatullah Omarzai,"50,00,000"
2024,Manav Suthar,"20,00,000"
2024,Mitchell  Starc,"24,75,00,000"
2024,Mujeeb Rahman,"2,00,00,000"
2024,Sherfane Rutherford,"1,50,00,000"
2024,Gus Atkinson,"1,00,00,000"
2024,Manish Pandey,"50,00,000"
2024,K.S. Bharat,"50,00,000"
2024,Chetan Sakariya,"50,00,000"
2024,Angkrish Raghuvanshi,"20,00,000"
2024,Ramandeep  Singh,"20,00,000"
2024,Sakib Hussain,"20,00,000"
2024,Shivam  Mavi,"6,40,00,000"
2024,M. Siddharth,"2,40,00,000"
2024,David Willey,"2,00,00,000"
2024,Ashton Turner,"1,00,00,000"
2024,Arshin Kulkarni,"20,00,000"
2024,Mohd. Arshad Khan,"20,00,000"
2024,Gerald Coetzee,"5,00,00,000"
2024,Nuwan Thushara,"4,80,00,000"
2024,Dilshan Madushanka,"4,60,00,000"
2024,Mohammad Nabi,"1,50,00,000"
2024,Shreyas Gopal,"20,00,000"
2024,Shivalik Sharma,"20,00,000"
2024,Anshul Kamboj,"20,00,000"
2024,Naman Dhir,"20,00,000"
2024,Harshal Patel,"11,75,00,000"
2024,Rilee Rossouw,"8,00,00,000"
2024,Chris Woakes,"4,20,00,000"
2024,Tanay Thyagarajann,"20,00,000"
2024,Vishwanath Pratap Singh,"20,00,000"
2024,Ashutosh Sharma,"20,00,000"
2024,Shashank  Singh,"20,00,000"
2024,Prince Choudhary,"20,00,000"
2024,Rovman Powell,"7,40,00,000"
2024,Shubham Dubey,"5,80,00,000"
2024,Nandre Burger,"50,00,000"
2024,Tom Kohler-Cadmore,"40,00,000"
2024,Abid Mushtaq,"20,00,000"
2024,Alzarri Joseph,"11,50,00,000"
2024,Yash  Dayal,"5,00,00,000"
2024,Lockie Ferguson,"2,00,00,000"
2024,Tom Curran,"1,50,00,000"
2024,Saurav Chuahan,"20,00,000"
2024,Swapnil Singh,"20,00,000"
2024,Pat Cummins,"20,50,00,000"
2024,Travis Head,"6,80,00,000"
2024,Jaydev Unadkat,"1,60,00,000"
2024,Wanindu Hasaranga,"1,50,00,000"
2024,Jhathavedh Subramanyan,"20,00,000"
2024,Akash Singh,"20,00,000"
2023,Ben Stokes,"16,25,00,000"
2023,Kyle Jamieson,"1,00,00,000"
2023,Nishant Sindhu,"60,00,000"
2023,Ajinkya Rahane,"50,00,000"
2023,Bhagath Varma,"20,00,000"
2023,Ajay Mandal,"20,00,000"
2023,Shaik Rasheed,"20,00,000"
2023,Mukesh Kumar,"5,50,00,000"
2023,Rilee Rossouw,"4,60,00,000"
2023,Manish Pandey,"2,40,00,000"
2023,Phil Salt,"2,00,00,000"
2023,Ishant Sharma,"50,00,000"
2023,Shivam Mavi,"6,00,00,000"
2023,Joshua Little,"4,40,00,000"
2023,Kane Williamson,"2,00,00,000"
2023,K.S. Bharat,"1,20,00,000"
2023,Mohit Sharma,"50,00,000"
2023,Odean Smith,"50,00,000"
2023,Urvil Patel,"20,00,000"
2023,Shakib Al Hasan,"1,50,00,000"
2023,David Wiese,"1,00,00,000"
2023,N. Jagadeesan,"90,00,000"
2023,Vaibhav Arora,"60,00,000"
2023,Mandeep Singh,"50,00,000"
2023,Litton Das,"50,00,000"
2023,Kulwant Khejroliya,"20,00,000"
2023,Suyash Sharma,"20,00,000"
2023,Nicholas Pooran,"16,00,00,000"
2023,Daniel Sams,"75,00,000"
2023,Amit Mishra,"50,00,000"
2023,Romario Shepherd,"50,00,000"
2023,Naveen Ul Haq,"50,00,000"
2023,Jaydev Unadkat,"50,00,000"
2023,Yash Thakur,"45,00,000"
2023,Swapnil Singh,"20,00,000"
2023,Yudhvir Charak,"20,00,000"
2023,Prerak Mankad,"20,00,000"
2023,Cameron Green,"17,50,00,000"
2023,Jhye Richardson,"1,50,00,000"
2023,Piyush Chawla,"50,00,000"
2023,Nehal Wadhera,"20,00,000"
2023,Raghav Goyal,"20,00,000"
2023,Vishnu Vinod,"20,00,000"
2023,Duan Jansen,"20,00,000"
2023,Shams Mulani,"20,00,000"
2023,Sam Curran,"18,50,00,000"
2023,Sikandar Raza,"50,00,000"
2023,Harpreet Bhatia,"40,00,000"
2023,Shivam Singh,"20,00,000"
2023,Vidwath Kaverappa,"20,00,000"
2023,Mohit Rathee,"20,00,000"
2023,Jason Holder,"5,75,00,000"
2023,Adam Zampa,"1,50,00,000"
2023,Joe Root,"1,00,00,000"
2023,Donovan Ferreira,"50,00,000"
2023,K.M. Asif,"30,00,000"
2023,Abdul P A,"20,00,000"
2023,Akash Vashisht,"20,00,000"
2023,Kunal Rathore,"20,00,000"
2023,Murugan Ashwin,"20,00,000"
2023,Will Jacks,"3,20,00,000"
2023,Reece Topley,"1,90,00,000"
2023,Rajan Kumar,"70,00,000"
2023,Avinash Singh,"60,00,000"
2023,Sonu Yadav,"20,00,000"
2023,Himanshu Sharma,"20,00,000"
2023,Manoj Bhandage,"20,00,000"
2023,Harry Brook,"13,25,00,000"
2023,Mayank Agarwal,"8,25,00,000"
2023,Heinrich Klaasen,"5,25,00,000"
2023,Vivrant Sharma,"2,60,00,000"
2023,Adil Rashid,"2,00,00,000"
2023,Mayank Dagar,"1,80,00,000"
2023,Akeal Hosein,"1,00,00,000"
2023,Mayank Markande,"50,00,000"
2023,Upendra Singh Yadav,"25,00,000"
2023,Sanvir Singh,"20,00,000"
2023,Anmolpreet Singh,"20,00,000"
2023,Samarth Vyas,"20,00,000"
2023,Nitish Kumar Reddy,"20,00,000"
2022,Deepak Chahar,"14,00,00,000"
2022,Ambati Rayudu,"6,75,00,000"
2022,Dwayne Bravo,"4,40,00,000"
2022,Shivam Dube,"4,00,00,000"
2022,Chris Jordan,"3,60,00,000"
2022,Robin Uthappa,"2,00,00,000"
2022,Mitchell Santner,"1,90,00,000"
2022,Adam Milne,"1,90,00,000"
2022,Rajvardhan Hangargekar,"1,50,00,000"
2022,Prashant Solanki,"1,20,00,000"
2022,Devon Conway,"1,00,00,000"
2022,Maheesh Theekshana,"70,00,000"
2022,Dwaine Pretorius,"50,00,000"
2022,C.Hari Nishaanth,"20,00,000"
2022,N. Jagadeesan,"20,00,000"
2022,K.M. Asif,"20,00,000"
2022,Tushar Deshpande,"20,00,000"
2022,Simarjeet Singh,"20,00,000"
2022,Subhranshu Senapati,"20,00,000"
2022,Mukesh Choudhary,"20,00,000"
2022,K.Bhagath Varma,"20,00,000"
2022,Shardul Thakur,"10,75,00,000"
2022,Mitchell Marsh,"6,50,00,000"
2022,David Warner,"6,25,00,000"
2022,Syed Khaleel Ahmed,"5,25,00,000"
2022,Chetan Sakariya,"4,20,00,000"
2022,Rovman Powell,"2,80,00,000"
2022,Mustafizur Rahman,"2,00,00,000"
2022,Kuldeep Yadav,"2,00,00,000"
2022,K.S. Bharat,"2,00,00,000"
2022,Kamlesh Nagarkoti,"1,10,00,000"
2022,Mandeep Singh,"1,10,00,000"
2022,Lalit Yadav,"65,00,000"
2022,Lungisani Ngidi,"50,00,000"
2022,Yash Dhull,"50,00,000"
2022,Tim Seifert,"50,00,000"
2022,Pravin Dubey,"50,00,000"
2022,Ashwin Hebbar,"20,00,000"
2022,Sarfaraz Khan,"20,00,000"
2022,Vicky Ostwal,"20,00,000"
2022,Ripal Patel,"20,00,000"
2022,Lockie Ferguson,"10,00,00,000"
2022,Rahul Tewatia,"9,00,00,000"
2022,Mohammad Shami,"6,25,00,000"
2022,Yash  Dayal,"3,20,00,000"
2022,David Miller,"3,00,00,000"
2022,R. Sai Kishore,"3,00,00,000"
2022,Abhinav Sadarangani,"2,60,00,000"
2022,Matthew Wade,"2,40,00,000"
2022,Alzarri Joseph,"2,40,00,000"
2022,Jason Roy,"2,00,00,000"
2022,Wriddhiman  Saha,"1,90,00,000"
2022,Jayant Yadav,"1,70,00,000"
2022,Vijay Shankar,"1,40,00,000"
2022,Dominic Drakes,"1,10,00,000"
2022,Gurkeerat Singh,"50,00,000"
2022,Varun Aaron,"50,00,000"
2022,Noor  Ahmad,"30,00,000"
2022,Darshan Nalkande,"20,00,000"
2022,B. Sai Sudharsan,"20,00,000"
2022,Pradeep Sangwan,"20,00,000"
2022,Shreyas Iyer,"12,25,00,000"
2022,Nitish Rana,"8,00,00,000"
2022,Pat Cummins,"7,25,00,000"
2022,Shivam  Mavi,"7,25,00,000"
2022,Sam Billings,"2,00,00,000"
2022,Umesh Yadav,"2,00,00,000"
2022,Alex Hales,"1,50,00,000"
2022,Tim Southee,"1,50,00,000"
2022,Mohammad  Nabi,"1,00,00,000"
2022,Ajinkya Rahane,"1,00,00,000"
2022,Sheldon Jackson,"60,00,000"
2022,Rinku Singh,"55,00,000"
2022,Ashok Sharma,"55,00,000"
2022,Chamika Karunaratne,"50,00,000"
2022,Abhijeet Tomar,"40,00,000"
2022,Anukul Roy,"20,00,000"
2022,Rasikh Dar,"20,00,000"
2022,Baba Indrajith,"20,00,000"
2022,Aman Khan,"20,00,000"
2022,Ramesh Kumar,"20,00,000"
2022,Pratham Singh,"20,00,000"
2022,Avesh Khan,"10,00,00,000"
2022,Jason Holder,"8,75,00,000"
2022,Krunal Pandya,"8,25,00,000"
2022,Mark Wood,"7,50,00,000"
2022,Quinton De Kock,"6,75,00,000"
2022,Deepak Hooda,"5,75,00,000"
2022,Manish Pandey,"4,60,00,000"
2022,Dushmanta Chameera,"2,00,00,000"
2022,Evin Lewis,"2,00,00,000"
2022,K. Gowtham,"90,00,000"
2022,Ankit Singh Rajpoot,"50,00,000"
2022,Shahbaz Nadeem,"50,00,000"
2022,Kyle Mayers,"50,00,000"
2022,Manan Vohra,"20,00,000"
2022,Mohsin Khan,"20,00,000"
2022,Mayank Yadav,"20,00,000"
2022,Ayush Badoni,"20,00,000"
2022,Karan Sharma,"20,00,000"
2022,Ishan Kishan,"15,25,00,000"
2022,Tim David,"8,25,00,000"
2022,Jofra Archer,"8,00,00,000"
2022,Dewald Brevis,"3,00,00,000"
2022,Daniel Sams,"2,60,00,000"
2022,N. Tilak Varma,"1,70,00,000"
2022,Murugan Ashwin,"1,60,00,000"
2022,Tymal Mills,"1,50,00,000"
2022,Jaydev Unadkat,"1,30,00,000"
2022,Riley Meredith,"1,00,00,000"
2022,Fabian Allen,"75,00,000"
2022,Mayank Markande,"65,00,000"
2022,Sanjay Yadav,"50,00,000"
2022,Basil Thampi,"30,00,000"
2022,Arjun  Tendulkar,"30,00,000"
2022,Anmolpreet Singh,"20,00,000"
2022,Ramandeep  Singh,"20,00,000"
2022,Aryan Juyal,"20,00,000"
2022,Rahul Buddhi,"20,00,000"
2022,Hrithik Shokeen,"20,00,000"
2022,Mohd. Arshad Khan,"20,00,000"
2022,Liam Livingstone,"11,50,00,000"
2022,Kagiso Rabada,"9,25,00,000"
2022,Shahrukh Khan,"9,00,00,000"
2022,Shikhar Dhawan,"8,25,00,000"
2022,Jonny Bairstow,"6,75,00,000"
2022,Odean Smith,"6,00,00,000"
2022,Rahul Chahar,"5,25,00,000"
2022,Harpreet  Brar,"3,80,00,000"
2022,Raj Angad Bawa,"2,00,00,000"
2022,Vaibhav Arora,"2,00,00,000"
2022,Nathan Ellis,"75,00,000"
2022,Prabhsimran Singh,"60,00,000"
2022,Rishi Dhawan,"55,00,000"
2022,Sandeep Sharma,"50,00,000"
2022,Bhanuka Rajapaksa,"50,00,000"
2022,Benny Howell,"40,00,000"
2022,Ishan Porel,"25,00,000"
2022,Jitesh Sharma,"20,00,000"
2022,Prerak Mankad,"20,00,000"
2022,Atharva Taide,"20,00,000"
2022,Writtick Chatterjee,"20,00,000"
2022,Baltej Dhanda,"20,00,000"
2022,Ansh Patel,"20,00,000"
2022,Prasidh Krishna,"10,00,00,000"
2022,Shimron Hetmyer,"8,50,00,000"
2022,Trent Boult,"8,00,00,000"
2022,Devdutt Padikkal,"7,75,00,000"
2022,Yuzvendra Chahal,"6,50,00,000"
2022,R. Ashwin,"5,00,00,000"
2022,Riyan Parag,"3,80,00,000"
2022,Navdeep Saini,"2,60,00,000"
2022,Nathan Coulter-Nile,"2,00,00,000"
2022,James Neesham,"1,50,00,000"
2022,Karun Nair,"1,40,00,000"
2022,Rassie Van Der Dussen,"1,00,00,000"
2022,Daryl Mitchell,"75,00,000"
2022,Obed Mccoy,"75,00,000"
2022,K.C Cariappa,"30,00,000"
2022,Kuldeep  Sen,"20,00,000"
2022,Dhruv Jurel,"20,00,000"
2022,Tejas Baroka,"20,00,000"
2022,Kuldip Yadav,"20,00,000"
2022,Shubham Garhwal,"20,00,000"
2022,Anunay Singh,"20,00,000"
2022,Wanindu Hasaranga,"10,75,00,000"
2022,Harshal Patel,"10,75,00,000"
2022,Josh Hazlewood,"7,75,00,000"
2022,Faf Du Plessis,"7,00,00,000"
2022,Dinesh  Karthik,"5,50,00,000"
2022,Anuj Rawat,"3,40,00,000"
2022,Shahbaz Ahamad,"2,40,00,000"
2022,David Willey,"2,00,00,000"
2022,Sherfane Rutherford,"1,00,00,000"
2022,Mahipal Lomror,"95,00,000"
2022,Finn Allen,"80,00,000"
2022,Jason Behrendorff,"75,00,000"
2022,Siddharth  Kaul,"75,00,000"
2022,Karn Sharma,"50,00,000"
2022,Suyash Prabhudessai,"30,00,000"
2022,Chama Milind,"25,00,000"
2022,Akash  Deep,"20,00,000"
2022,Luvnith Sisodia,"20,00,000"
2022,Aneeshwar Gautam,"20,00,000"
2022,Nicholas Pooran,"10,75,00,000"
2022,Washington Sundar,"8,75,00,000"
2022,Rahul Tripathi,"8,50,00,000"
2022,Romario Shepherd,"7,75,00,000"
2022,Abhishek Sharma,"6,50,00,000"
2022,Bhuvneshwar Kumar,"4,20,00,000"
2022,Marco Jansen,"4,20,00,000"
2022,T. Natarajan,"4,00,00,000"
2022,Kartik Tyagi,"4,00,00,000"
2022,Aiden Markram,"2,60,00,000"
2022,Sean Abbott,"2,40,00,000"
2022,Glenn Phillips,"1,50,00,000"
2022,Shreyas Gopal,"75,00,000"
2022,Vishnu Vinod,"50,00,000"
2022,Fazalhaq Farooqi,"50,00,000"
2022,Priyam  Garg,"20,00,000"
2022,Jagadeesha Suchith,"20,00,000"
2022,R Samarth,"20,00,000"
2022,Shashank Singh,"20,00,000"
2022,Saurabh Dubey,"20,00,000"
2021,Tom Curran,"5,25,00,000"
2021,Steven Smith,"2,20,00,000"
2021,Sam Billings,"2,00,00,000"
2021,Umesh Yadav,"1,00,00,000"
2021,Ripal Patel,"20,00,000"
2021,Vishnu Vinod,"20,00,000"
2021,Lukman Hussain Meriwala,"20,00,000"
2021,M Siddharth,"20,00,000"
2021,Shakib Al Hasan,"3,20,00,000"
2021,Harbhajan Singh,"2,00,00,000"
2021,Ben Cutting,"75,00,000"
2021,Karun Nair,"50,00,000"
2021,Pawan Negi,"50,00,000"
2021,Venkatesh Iyer,"20,00,000"
2021,Sheldon Jackson,"20,00,000"
2021,Vaibhav Arora,"20,00,000"
2021,Nathan Coulter-Nile,"5,00,00,000"
2021,Adam Milne,"3,20,00,000"
2021,Piyush Chawla,"2,40,00,000"
2021,James Neesham,"50,00,000"
2021,Yudhvir Charak,"20,00,000"
2021,Marco Jansen,"20,00,000"
2021,Arjun Tendulkar," 20,00,000"
2021,Jhye Richardson,"14,00,00,000"
2021,Riley Meredith,"8,00,00,000"
2021,Shahrukh Khan,"5,25,00,000"
2021,Moises Henriques,"4,20,00,000"
2021,Dawid Malan,"1,50,00,000"
2021,Fabian Allen,"75,00,000"
2021,Jalaj Saxena,"30,00,000"
2021,Saurabh Kumar,"20,00,000"
2021,Utkarsh Singh,"20,00,000"
2021,Christopher Morris,"16,25,00,000"
2021,Shivam Dube,"4,40,00,000"
2021,Chetan Sakariya,"1,20,00,000"
2021,Mustafizur Rahman,"1,00,00,000"
2021,Liam Livingstone,"75,00,000"
2021,K.C Cariappa,"20,00,000"
2021,Akash Singh,"20,00,000"
2021,Kuldip Yadav," 20,00,000"
2021,Kyle Jamieson,"15,00,00,000"
2021,Glenn Maxwell,"14,25,00,000"
2021,Dan Christian,"4,80,00,000"
2021,Sachin Baby,"20,00,000"
2021,Rajat Patidar,"20,00,000"
2021,Mohammed Azharudeen,"20,00,000"
2021,Suyash Prabhudesai,"20,00,000"
2021,Kona Srikar Bharat," 20,00,000"
2021,Kedar Jadhav,"2,00,00,000"
2021,Mujeeb Zadran,"1,50,00,000"
2021,J Suchith,"30,00,000"
2020,Shimron Hetmyer,"7,75,00,000"
2020,Marcus Stoinis,"4,80,00,000"
2020,Alex Carey,"2,40,00,000"
2020,Jason Roy,"1,50,00,000"
2020,Chris Woakes,"1,50,00,000"
2020,Mohit Sharma,"50,00,000"
2020,Tushar Deshpande,"20,00,000"
2020,Lalit Yadav,"20,00,000"
2020,Glenn Maxwell,"10,75,00,000"
2020,Sheldon Cottrell,"8,50,00,000"
2020,Chris Jordan,"3,00,00,000"
2020,Ravi Bishnoi,"2,00,00,000"
2020,Prabhsimran Singh,"55,00,000"
2020,Deepak Hooda,"50,00,000"
2020,James Neesham,"50,00,000"
2020,Tajinder Dhillon,"20,00,000"
2020,Ishan Porel,"20,00,000"
2020,Pat Cummins,"15,50,00,000"
2020,Eoin Morgan,"5,25,00,000"
2020,Varun Chakaravarthy,"4,00,00,000"
2020,Tom Banton,"1,00,00,000"
2020,Rahul Tripathi,"60,00,000"
2020,Chris Green,"20,00,000"
2020,Nikhil Shankar Naik,"20,00,000"
2020,Pravin Tambe,"20,00,000"
2020,M Siddharth,"20,00,000"
2020,Nathan Coulter-Nile,"8,00,00,000"
2020,Chris Lynn,"2,00,00,000"
2020,Saurabh Tiwary,"50,00,000"
2020,Digvijay Deshmukh,"20,00,000"
2020,Prince Balwant Rai Singh,"20,00,000"
2020,Mohsin Khan,"20,00,000"
2020,Robin Uthappa,"3,00,00,000"
2020,Jaydev Unadkat,"3,00,00,000"
2020,Yashasvi Jaiswal,"2,40,00,000"
2020,Kartik Tyagi,"1,30,00,000"
2020,Tom Curran,"1,00,00,000"
2020,Andrew Tye,"1,00,00,000"
2020,Anuj Rawat,"80,00,000"
2020,David Miller,"75,00,000"
2020,Oshane Thomas,"50,00,000"
2020,Anirudha Ashok Joshi,"20,00,000"
2020,Akash Singh,"20,00,000"
2020,Christopher Morris,"10,00,00,000"
2020,Aaron Finch,"4,40,00,000"
2020,Kane Richardson,"4,00,00,000"
2020,Dale Steyn,"2,00,00,000"
2020,Isuru Udana,"50,00,000"
2020,Shahbaz Ahamad,"20,00,000"
2020,Joshua Philippe,"20,00,000"
2020,Pavan Deshpande,"20,00,000"
2020,Mitchell Marsh,"2,00,00,000"
2020,Priyam Garg,"1,90,00,000"
2020,Virat Singh,"1,90,00,000"
2020,Fabian Allen,"50,00,000"
2020,Sandeep Bavanaka,"20,00,000"
2020,Sanjay Yadav,"20,00,000"
2020,Abdul Samad,"20,00,000"
2019,Colin Ingram,"6,40,00,000"
2019,Axar Rajesh Patel,"5,00,00,000"
2019,Hanuma Vihari,"2,00,00,000"
2019,Sherfane Rutherford,"2,00,00,000"
2019,Ishant Sharma,"1,10,00,000"
2019,Keemo Paul,"50,00,000"
2019,Jalaj Saxena,"20,00,000"
2019,Ankush Bains,"20,00,000"
2019,Nathu Singh,"20,00,000"
2019,Bandaru Ayyappa,"20,00,000"
2019,Varun Chakaravarthy,"8,40,00,000"
2019,Sam Curran,"7,20,00,000"
2019,Mohammad Shami,"4,80,00,000"
2019,Prabhsimran Singh,"4,80,00,000"
2019,Nicolas Pooran,"4,20,00,000"
2019,Moises Henriques,"1,00,00,000"
2019,Hardus Viljoen,"75,00,000"
2019,Darshan Nalkande,"30,00,000"
2019,Sarfaraz Naushad Khan,"25,00,000"
2019,Arshdeep Singh,"20,00,000"
2019,Agnivesh Ayachi,"20,00,000"
2019,Harpreet Brar,"20,00,000"
2019,M. Ashwin,"20,00,000"
2019,Carlos Brathwaite,"5,00,00,000"
2019,Lockie Ferguson,"1,60,00,000"
2019,Joe Denly,"1,00,00,000"
2019,Harry Gurney,"75,00,000"
2019,Nikhil Shankar Naik,"20,00,000"
2019,Shrikant Mundhe,"20,00,000"
2019,Prithvi Raj Yarra,"20,00,000"
2019,Anrich Nortje,"20,00,000"
2019,Barinder Singh Sran,"3,40,00,000"
2019,Lasith Malinga,"2,00,00,000"
2019,Yuvraj Singh,"1,00,00,000"
2019,Anmolpreet Singh,"80,00,000"
2019,Pankaj Jaswal,"20,00,000"
2019,Rasikh Dar,"20,00,000"
2019,Jaydev Unadkat,"8,40,00,000"
2019,Varun Aaron,"2,40,00,000"
2019,Oshane Thomas,"1,10,00,000"
2019,Ashton Turner,"50,00,000"
2019,Liam Livingstone,"50,00,000"
2019,Shashank Singh,"30,00,000"
2019,Riyan Parag,"20,00,000"
2019,Manan Vohra,"20,00,000"
2019,Shubham Ranjane,"20,00,000"
2019,Shivam Dube,"5,00,00,000"
2019,Shimron Hetmyer,"4,20,00,000"
2019,Akshdeep Nath,"3,60,00,000"
2019,Prayas Ray Barman,"1,50,00,000"
2019,Himmat Singh,"65,00,000"
2019,Gurkeerat Singh Mann,"50,00,000"
2019,Heinrich Klaasen,"50,00,000"
2019,Devdutt Padikkal,"20,00,000"
2019,Milind Kumar,"20,00,000"
2019,Jonny Bairstow,"2,20,00,000"
2019,Wriddhiman Saha,"1,20,00,000"
2019,Martin Guptill,"1,00,00,000"
2018,Glenn Maxwell,"9,00,00,000"
2018,Kagiso Rabada,"4,20,00,000"
2018,Amit Mishra,"4,00,00,000"
2018,Shahbaz Nadeem,"3,20,00,000"
2018,Vijay Shankar,"3,20,00,000"
2018,Rahul Tewatia,"3,00,00,000"
2018,Mohammad Shami,"3,00,00,000"
2018,Gautam Gambhir,"2,80,00,000"
2018,Trent Boult,"2,20,00,000"
2018,Colin Munro,"1,90,00,000"
2018,Daniel Christian,"1,50,00,000"
2018,Jason Roy,"1,50,00,000"
2018,Naman Ojha,"1,40,00,000"
2018,Prithvi Shaw,"1,20,00,000"
2018,Gurkeerat Singh Mann,"75,00,000"
2018,Avesh Khan,"70,00,000"
2018,Abhishek Sharma,"55,00,000"
2018,Jayant Yadav,"50,00,000"
2018,Harshal Patel,"20,00,000"
2018,Manjot Kalra,"20,00,000"
2018,Sandeep Lamichhane,"20,00,000"
2018,Sayan Ghosh,"20,00,000"
2018,KL Rahul,"11,00,00,000"
2018,Ravichandran Ashwin,"7,60,00,000"
2018,Andrew Tye,"7,20,00,000"
2018,Aaron Finch,"6,20,00,000"
2018,Marcus Stoinis,"6,20,00,000"
2018,Karun Nair,"5,60,00,000"
2018,Mujeeb Zadran,"4,00,00,000"
2018,Ankit Singh Rajpoot,"3,00,00,000"
2018,David Miller,"3,00,00,000"
2018,Mohit Sharma,"2,40,00,000"
2018,Barinder Singh Sran,"2,20,00,000"
2018,Yuvraj Singh,"2,00,00,000"
2018,Christopher Gayle,"2,00,00,000"
2018,Ben Dwarshuis,"1,40,00,000"
2018,Akshdeep Nath,"1,00,00,000"
2018,Manoj Tiwary,"1,00,00,000"
2018,Mayank Agarwal,"1,00,00,000"
2018,Manzoor Dar,"20,00,000"
2018,Pardeep Sahu,"20,00,000"
2018,Mayank Dagar,"20,00,000"
2018,Chris Lynn,"9,60,00,000"
2018,Mitchell Starc,"9,40,00,000"
2018,Dinesh Karthik,"7,40,00,000"
2018,Robin Uthappa,"6,40,00,000"
2018,Kuldeep Singh Yadav,"5,80,00,000"
2018,Piyush Chawla,"4,20,00,000"
2018,Nitish Rana,"3,40,00,000"
2018,Kamlesh Nagarkoti,"3,20,00,000"
2018,Shivam Mavi,"3,00,00,000"
2018,Mitchell Johnson,"2,00,00,000"
2018,Shubman Gill,"1,80,00,000"
2018,Ranganath Vinay Kumar,"1,00,00,000"
2018,Rinku Singh,"80,00,000"
2018,Cameron Delport,"30,00,000"
2018,Javon Searless,"30,00,000"
2018,Apoorv Vijay Wankhade,"20,00,000"
2018,Ishank Jaggi,"20,00,000"
2018,Krunal Pandya,"8,80,00,000"
2018,Ishan Kishan,"6,20,00,000"
2018,Kieron Pollard,"5,40,00,000"
2018,Pat Cummins,"5,40,00,000"
2018,Evin Lewis,"3,80,00,000"
2018,Suryakumar Yadav,"3,20,00,000"
2018,Ben Cutting,"2,20,00,000"
2018,Mustafizur Rahman,"2,20,00,000"
2018,Rahul Chahar,"1,90,00,000"
2018,Pradeep Sangwan,"1,50,00,000"
2018,Jason Behrendorff,"1,50,00,000"
2018,Jean-Paul Duminy,"1,00,00,000"
2018,Saurabh Tiwary,"80,00,000"
2018,Tajinder Dhillon,"55,00,000"
2018,Akila Dhananjaya,"50,00,000"
2018,Nidheesh M D Dinesan,"20,00,000"
2018,Aditya Tare,"20,00,000"
2018,Siddhesh Dinesh Lad,"20,00,000"
2018,Mayank Markande,"20,00,000"
2018,Sharad Lumba,"20,00,000"
2018,Anukul Roy,"20,00,000"
2018,Mohsin Khan,"20,00,000"
2018,Benjamin Stokes,"12,50,00,000"
2018,Jaydev Unadkat,"11,50,00,000"
2018,Sanju Samson,"8,00,00,000"
2018,Jofra Archer,"7,20,00,000"
2018,Krishnappa Gowtham,"6,20,00,000"
2018,Jos Buttler,"4,40,00,000"
2018,Ajinkya Rahane,"4,00,00,000"
2018,Darcy Short,"4,00,00,000"
2018,Rahul Tripathi,"3,40,00,000"
2018,Dhawal Kulkarni,"75,00,000"
2018,Zahir Khan Pakteen,"60,00,000"
2018,Ben Laughlin,"50,00,000"
2018,Stuart Binny,"50,00,000"
2018,Dushmantha Chameera,"50,00,000"
2018,Anureet Singh,"30,00,000"
2018,Aryaman Vikram Birla,"30,00,000"
2018,Midhun S,"20,00,000"
2018,Shreyas Gopal,"20,00,000"
2018,Prashant Chopra,"20,00,000"
2018,Jatin Saxena,"20,00,000"
2018,Ankit Sharma,"20,00,000"
2018,Mahipal Lomror,"20,00,000"
2018,Chris Woakes,"7,40,00,000"
2018,Yuzvendra Singh Chahal,"6,00,00,000"
2018,Umesh Yadav,"4,20,00,000"
2018,Brendon McCullum,"3,60,00,000"
2018,M.S. Washington Sundar,"3,20,00,000"
2018,Navdeep Saini,"3,00,00,000"
2018,Quinton De Kock,"2,80,00,000"
2018,Mohammed Siraj,"2,60,00,000"
2018,Nathan Coulter-Nile,"2,20,00,000"
2018,Colin De Grandhomme,"2,20,00,000"
2018,M. Ashwin,"2,20,00,000"
2018,Parthiv Patel,"1,70,00,000"
2018,Moeen Ali,"1,70,00,000"
2018,Mandeep Singh,"1,40,00,000"
2018,Manan Vohra,"1,10,00,000"
2018,Pawan Negi,"1,00,00,000"
2018,Tim Southee,"1,00,00,000"
2018,Kulwant Khejroliya,"85,00,000"
2018,Aniket Choudhary,"30,00,000"
2018,Pavan Deshpande,"20,00,000"
2018,Anirudha Ashok Joshi,"20,00,000"
2018,Manish Pandey,"11,00,00,000"
2018,Rashid Khan Arman,"9,00,00,000"
2018,Shikhar Dhawan,"5,20,00,000"
2018,Wriddhiman Saha,"5,00,00,000"
2018,Siddarth Kaul,"3,80,00,000"
2018,Deepak Hooda,"3,60,00,000"
2018,Syed Khaleel Ahmed,"3,00,00,000"
2018,Sandeep Sharma,"3,00,00,000"
2018,Kane Williamson,"3,00,00,000"
2018,Carlos Brathwaite,"2,00,00,000"
2018,Shakib Al Hasan,"2,00,00,000"
2018,Yusuf Pathan,"1,90,00,000"
2018,Shreevats Goswami,"1,00,00,000"
2018,Mohammad Nabi,"1,00,00,000"
2018,Chris Jordan,"1,00,00,000"
2018,Basil Thampi,"95,00,000"
2018,Billy Stanlake,"50,00,000"
2018,T Natarajan,"40,00,000"
2018,Sachin Baby,"20,00,000"
2018,Bipul Sharma,"20,00,000"
2018,Syed Mehdi Hasan,"20,00,000"
2018,Ricky Bhui,"20,00,000"
2018,Tanmay Agarwal,"20,00,000"
